,true_labels,predicted_labels
25467,4,4
15839,2,2
1043,0,0
30868,6,6
11732,1,1
28838,5,0
17547,2,1
2867,0,0
14386,2,2
30823,6,3
9169,1,1
7918,0,0
8372,1,1
11285,1,1
20784,3,3
5227,0,0
15949,2,2
6865,0,0
29637,6,6
8999,1,1
19813,3,3
5934,0,0
31539,6,0
3053,0,0
7516,0,0
14754,2,0
26947,5,0
2683,0,0
6538,0,0
30450,6,6
3402,0,0
5304,0,0
22599,3,3
20822,3,3
24280,4,4
21897,3,3
8040,0,0
24827,4,4
6145,0,0
10904,1,1
1516,0,0
1377,0,0
25335,4,1
21814,3,3
20658,3,3
23237,3,3
6341,0,0
29875,6,3
10369,1,1
26861,5,5
25609,4,4
17672,2,2
25557,4,2
1921,0,0
25392,4,2
5584,0,0
28194,5,2
9918,1,1
25613,4,3
17078,2,2
1426,0,0
457,0,0
19130,3,3
27196,5,0
2789,0,0
21381,3,3
5908,0,0
14850,2,2
16072,2,5
25925,5,5
16481,2,2
11004,1,1
14001,1,1
2201,0,0
4405,0,0
25999,5,5
19069,3,0
28201,5,5
5572,0,0
2805,0,0
26264,5,5
14699,2,1
13063,1,1
21265,3,3
2464,0,0
10855,1,1
24753,4,5
19463,3,3
7663,0,0
19620,3,3
14264,1,3
4689,0,0
11547,1,1
18586,2,2
13599,1,1
10501,1,1
7917,0,0
13088,1,1
10319,1,1
10007,1,3
14023,1,1
1247,0,0
15922,2,6
29472,6,3
22289,3,3
14878,2,1
16793,2,1
12430,1,1
10202,1,1
19789,3,3
23504,3,0
12315,1,1
26923,5,5
23206,3,3
1227,0,0
27807,5,0
345,0,0
3027,0,0
1610,0,0
30813,6,3
11502,1,1
17239,2,0
1791,0,0
3000,0,0
10664,1,1
4742,0,0
22179,3,3
11495,1,1
10580,1,1
7827,0,0
25004,4,3
5910,0,0
3639,0,0
3349,0,0
15987,2,2
19966,3,3
10840,1,1
13367,1,1
7364,0,0
22903,3,3
28561,5,5
27893,5,5
23475,3,3
14808,2,2
3798,0,0
24710,4,0
21567,3,3
7348,0,0
7136,0,0
26450,5,5
13370,1,1
2240,0,0
20520,3,3
26098,5,0
11270,1,1
20299,3,3
24555,4,4
21896,3,3
26664,5,5
12148,1,1
11993,1,1
2229,0,0
24646,4,2
6211,0,0
17351,2,2
23633,3,3
24805,4,2
27953,5,1
1092,0,0
5436,0,0
3108,0,0
22608,3,3
30760,6,3
19638,3,3
1278,0,0
15837,2,2
7112,0,0
3752,0,0
28592,5,5
27894,5,5
18996,3,3
10083,1,1
23038,3,3
9072,1,1
30209,6,6
12396,1,1
5198,0,0
6946,0,0
11311,1,1
8779,1,1
27593,5,0
9209,1,1
29176,6,6
499,0,0
16792,2,1
11153,1,1
3928,0,0
3698,0,0
24076,4,2
16553,2,2
6392,0,0
16496,2,2
26157,5,5
18979,3,3
16207,2,2
24314,4,4
18391,2,2
9891,1,1
491,0,0
96,0,0
15080,2,2
31520,6,0
7403,0,0
27105,5,5
25864,5,5
14784,2,2
13287,1,1
29246,6,2
30201,6,3
23743,3,3
25856,5,5
28622,5,5
15243,2,2
21102,3,3
26294,5,5
22942,3,3
20998,3,3
14217,1,1
15010,2,1
31288,6,1
20235,3,3
10586,1,3
9433,1,1
24977,4,0
13430,1,1
5216,0,0
8309,1,1
15634,2,2
18009,2,3
10525,1,1
7335,0,0
8390,1,1
27542,5,5
25499,4,3
24144,4,2
17410,2,2
1330,0,0
28674,5,0
28903,5,2
10153,1,1
18209,2,2
7698,0,0
15598,2,2
11306,1,1
3619,0,0
22134,3,3
9188,1,1
3580,0,0
31489,6,0
29116,6,6
7395,0,0
4181,0,0
29611,6,3
22451,3,1
25010,4,4
6390,0,0
22239,3,3
12571,1,1
5345,0,0
16711,2,2
31258,6,0
3703,0,0
17041,2,2
23635,3,3
25274,4,0
28136,5,5
3286,0,0
729,0,0
6826,0,0
9787,1,1
5640,0,0
6483,0,0
18246,2,1
17895,2,2
7964,0,0
30938,6,6
1616,0,0
17657,2,1
24718,4,4
7842,0,0
28274,5,5
5979,0,0
14200,1,1
2885,0,0
21034,3,3
22621,3,3
2140,0,0
9482,1,1
3230,0,0
2266,0,0
6440,0,0
15777,2,1
26830,5,5
21717,3,3
16620,2,0
25810,4,0
8658,1,1
10212,1,1
14702,2,2
17220,2,2
17526,2,2
20371,3,0
25846,5,5
21963,3,3
15281,2,2
20414,3,3
12037,1,1
28564,5,5
22636,3,3
25757,4,0
15342,2,2
26365,5,2
13155,1,1
12491,1,1
5683,0,0
30368,6,3
23167,3,3
27937,5,5
19833,3,3
21328,3,3
17243,2,3
13533,1,1
4788,0,0
20778,3,3
21707,3,3
11074,1,1
1328,0,0
8525,1,1
7974,0,0
8213,1,3
24787,4,4
2874,0,0
18796,2,2
9568,1,1
15947,2,2
26041,5,0
14426,2,1
9154,1,1
29708,6,6
14836,2,2
4461,0,0
6039,0,0
1122,0,0
26985,5,5
4410,0,0
26921,5,5
1981,0,0
11020,1,1
9872,1,1
29313,6,3
14802,2,2
12381,1,1
2918,0,0
27318,5,5
15518,2,2
25762,4,2
5647,0,0
11071,1,1
27898,5,5
3923,0,0
28025,5,0
11933,1,1
18924,2,2
5595,0,0
8891,1,1
20672,3,3
18399,2,2
17431,2,2
13800,1,1
10261,1,1
17466,2,2
1635,0,0
17984,2,1
31024,6,6
26011,5,5
10824,1,1
12513,1,1
20537,3,3
4810,0,0
996,0,0
25959,5,5
16685,2,1
210,0,0
18911,2,2
17406,2,2
5844,0,0
5925,0,0
31032,6,3
26935,5,5
4227,0,0
7042,0,0
6759,0,0
14438,2,2
26411,5,5
8164,1,1
10465,1,1
2958,0,0
21685,3,3
21207,3,3
14753,2,3
13847,1,1
9366,1,1
13625,1,1
7708,0,0
7801,0,0
17123,2,2
18026,2,1
22645,3,3
14801,2,1
27800,5,0
27754,5,5
7094,0,0
2798,0,0
9138,1,1
3160,0,0
15644,2,2
26419,5,5
30340,6,6
23210,3,3
11198,1,2
6069,0,0
10821,1,1
24617,4,1
25822,4,2
3921,0,0
20051,3,3
20340,3,3
3263,0,0
14763,2,2
31458,6,1
5980,0,0
18361,2,2
18923,2,3
5346,0,0
7567,0,0
22910,3,3
3874,0,0
13190,1,1
28053,5,3
5332,0,0
27941,5,5
16699,2,2
20617,3,3
8815,1,1
928,0,0
9805,1,1
23801,3,3
6872,0,0
30745,6,1
20653,3,3
5771,0,0
22979,3,3
18239,2,2
22769,3,3
9870,1,1
12796,1,1
5598,0,0
23106,3,3
16919,2,3
19277,3,3
21268,3,3
7582,0,0
1109,0,0
2034,0,0
10746,1,1
19829,3,3
15508,2,2
4168,0,0
18751,2,2
2848,0,0
14660,2,2
20386,3,3
12865,1,1
13909,1,3
31242,6,2
7850,0,0
27059,5,5
13958,1,1
6481,0,0
10387,1,1
15852,2,3
18027,2,2
20572,3,1
28114,5,5
24023,3,3
26551,5,5
19706,3,3
9816,1,1
4080,0,0
5348,0,0
23843,3,3
4702,0,0
20794,3,3
10300,1,1
1288,0,0
23537,3,3
24533,4,0
25513,4,3
22637,3,2
4894,0,0
13259,1,1
30207,6,6
29617,6,6
17837,2,2
28347,5,5
9767,1,1
29163,6,6
25339,4,1
12838,1,0
12105,1,1
27744,5,5
1912,0,0
11293,1,1
11710,1,1
21501,3,3
27824,5,5
23346,3,3
18388,2,2
15044,2,2
4347,0,0
21577,3,2
14601,2,2
8629,1,1
28962,5,5
12417,1,2
24605,4,4
15199,2,2
3843,0,0
22606,3,3
4058,0,0
9086,1,1
10146,1,1
29767,6,3
7545,0,0
2346,0,0
10500,1,1
11791,1,1
7107,0,0
27838,5,5
17128,2,2
21512,3,3
25689,4,4
8279,1,1
13586,1,1
29251,6,1
18804,2,2
21104,3,3
11323,1,1
5705,0,0
26888,5,2
25597,4,2
16355,2,2
25755,4,2
20641,3,3
7431,0,0
3427,0,0
4577,0,0
21107,3,3
29780,6,0
1197,0,0
30653,6,3
26253,5,3
24243,4,2
23582,3,6
20279,3,3
18371,2,2
31516,6,6
2308,0,0
1959,0,0
26285,5,0
428,0,0
15757,2,2
12202,1,1
13981,1,1
1520,0,0
27834,5,5
21497,3,2
10290,1,1
13802,1,3
1456,0,0
22635,3,3
18056,2,2
21979,3,3
9509,1,1
4143,0,0
3282,0,0
13712,1,2
13581,1,1
14363,2,2
20101,3,1
19990,3,3
15532,2,1
14054,1,1
9948,1,3
7809,0,0
13634,1,1
4170,0,0
14661,2,2
15099,2,2
13251,1,1
15967,2,2
624,0,0
3265,0,0
25739,4,4
17699,2,1
11265,1,3
4569,0,0
17035,2,3
2903,0,0
850,0,0
5697,0,0
12792,1,1
3298,0,0
821,0,0
21750,3,3
26565,5,5
26529,5,3
18046,2,2
17460,2,2
21794,3,3
12843,1,1
9733,1,1
8451,1,1
18102,2,1
3601,0,0
21604,3,3
5138,0,0
7565,0,0
26912,5,5
17048,2,2
896,0,0
5070,0,0
15724,2,2
24792,4,4
29683,6,0
25639,4,3
23901,3,3
1406,0,0
16147,2,2
30294,6,3
20482,3,3
23770,3,3
30198,6,3
15148,2,2
30292,6,3
25253,4,0
8653,1,1
266,0,0
8267,1,1
20835,3,3
28678,5,5
9614,1,1
1889,0,0
15654,2,2
14926,2,2
14860,2,1
22934,3,3
18696,2,2
24168,4,4
8348,1,1
12599,1,1
11070,1,1
28382,5,5
19304,3,2
15647,2,3
12558,1,1
196,0,0
1555,0,0
18732,2,1
14411,2,2
18175,2,2
27265,5,5
18247,2,2
1298,0,0
9961,1,1
31006,6,6
19703,3,3
15873,2,2
4520,0,0
11466,1,1
9210,1,1
11007,1,1
9807,1,1
26012,5,1
11305,1,1
2876,0,0
31415,6,0
3594,0,0
17867,2,2
27183,5,5
6547,0,0
5780,0,0
25469,4,1
6939,0,0
20629,3,3
12005,1,1
408,0,0
28123,5,0
26595,5,5
27489,5,5
7472,0,0
29589,6,3
16114,2,2
17233,2,5
8476,1,1
15102,2,2
24488,4,0
12351,1,1
28208,5,5
21890,3,3
22575,3,3
26522,5,5
10422,1,1
22140,3,3
29341,6,2
2276,0,0
30140,6,1
28970,5,5
8674,1,1
21688,3,3
28872,5,5
13748,1,1
9773,1,1
27752,5,5
28360,5,0
5394,0,0
24185,4,2
3031,0,0
5114,0,0
28056,5,0
22792,3,3
4744,0,0
29640,6,4
273,0,0
3931,0,0
9485,1,1
10389,1,1
13166,1,1
12681,1,1
7558,0,0
17705,2,2
3100,0,0
25156,4,4
31522,6,3
26330,5,5
15834,2,2
22106,3,3
8672,1,1
31431,6,2
27391,5,5
29542,6,3
5513,0,0
14618,2,1
22487,3,3
16641,2,2
25154,4,4
26885,5,5
30469,6,0
12622,1,1
27833,5,5
5836,0,0
11082,1,1
423,0,0
15939,2,2
13551,1,1
7229,0,0
31552,6,2
31108,6,2
16826,2,1
13957,1,1
25449,4,4
12035,1,1
21779,3,3
17008,2,3
24941,4,1
22681,3,3
14727,2,2
25908,5,5
20505,3,3
11666,1,1
25824,4,3
1090,0,0
29306,6,6
1588,0,0
28893,5,2
12111,1,1
14999,2,2
26073,5,2
12706,1,1
8570,1,1
2383,0,1
28598,5,2
21287,3,3
13852,1,1
19460,3,3
5485,0,0
2602,0,0
12832,1,1
27843,5,0
19832,3,3
18409,2,2
25272,4,2
9163,1,1
6505,0,0
15211,2,0
12135,1,1
18507,2,2
16573,2,2
26539,5,5
3132,0,0
17941,2,2
5286,0,0
18448,2,2
2879,0,0
5929,0,0
30907,6,6
31138,6,6
14812,2,2
9240,1,1
4981,0,0
4871,0,0
24056,3,3
21775,3,3
24790,4,2
26133,5,5
12033,1,1
217,0,0
3105,0,0
29278,6,1
9693,1,1
12248,1,2
3382,0,0
5001,0,0
30192,6,3
14952,2,2
22707,3,3
5094,0,0
28951,5,5
14323,2,1
4237,0,0
30224,6,2
14654,2,2
7318,0,0
6156,0,0
20050,3,3
25502,4,0
26687,5,5
5155,0,0
8147,1,1
23407,3,3
1530,0,0
15925,2,3
21236,3,3
10708,1,1
29872,6,0
9985,1,1
13987,1,1
9153,1,1
26083,5,0
5034,0,0
10021,1,1
27931,5,5
14344,2,2
2900,0,0
30219,6,6
3445,0,0
28313,5,5
25187,4,2
24912,4,1
11459,1,1
13361,1,1
19085,3,3
12530,1,1
29639,6,3
24918,4,4
6550,0,0
29058,6,3
11024,1,1
733,0,0
23914,3,3
5405,0,0
14302,2,2
12850,1,1
4156,0,0
4413,0,0
24809,4,0
4282,0,0
21208,3,3
9535,1,1
12799,1,1
16772,2,2
10347,1,1
20284,3,3
27706,5,0
24235,4,4
21406,3,3
10329,1,1
20486,3,3
11909,1,1
27395,5,5
1731,0,0
4679,0,0
26479,5,0
23021,3,3
26448,5,5
10011,1,1
26085,5,3
12630,1,1
1660,0,0
7221,0,0
19814,3,3
3448,0,0
10768,1,1
11326,1,1
26482,5,5
21309,3,3
4502,0,0
19802,3,3
13655,1,1
11758,1,1
10056,1,1
20196,3,3
24395,4,0
9382,1,1
13484,1,1
24735,4,4
19137,3,3
4739,0,0
29051,6,3
29024,6,5
24321,4,2
21888,3,3
26128,5,0
12711,1,1
1837,0,0
20198,3,2
16689,2,2
18240,2,2
7474,0,0
22855,3,3
5824,0,0
26413,5,5
9044,1,1
20112,3,3
6149,0,0
31474,6,6
4450,0,0
11582,1,1
12813,1,1
24396,4,4
18204,2,0
14544,2,2
1684,0,0
31197,6,1
23301,3,3
13181,1,1
6690,0,0
11526,1,1
21914,3,3
24199,4,4
18477,2,1
14214,1,1
16872,2,1
6508,0,0
4584,0,0
27657,5,5
1427,0,0
8214,1,1
22251,3,3
27123,5,5
7898,0,0
5005,0,0
5627,0,0
8500,1,1
20372,3,3
30770,6,6
26425,5,0
31281,6,6
21368,3,3
21090,3,3
9920,1,1
21100,3,3
28051,5,5
10509,1,1
20993,3,3
17561,2,2
11762,1,1
4982,0,0
30635,6,3
29537,6,6
4851,0,0
18665,2,1
3318,0,0
21676,3,0
3820,0,0
5501,0,0
8274,1,1
25815,4,1
11132,1,1
7667,0,0
16796,2,2
31129,6,3
29728,6,3
2157,0,0
11818,1,1
11076,1,1
1188,0,0
7889,0,0
30437,6,0
11488,1,1
18094,2,2
17149,2,2
15001,2,2
4070,0,0
19468,3,3
6202,0,0
10045,1,1
14406,2,2
3125,0,0
12829,1,1
25943,5,2
2476,0,0
21908,3,3
6362,0,3
29408,6,0
7138,0,0
12455,1,1
11315,1,1
13019,1,1
27010,5,5
30512,6,3
29564,6,1
31174,6,6
3592,0,0
12964,1,1
27180,5,0
24868,4,2
4902,0,0
19012,3,3
18603,2,2
18826,2,2
15601,2,2
8377,1,1
24024,3,3
2231,0,0
7665,0,0
11125,1,1
23534,3,3
19007,3,3
22642,3,3
8242,1,1
10157,1,1
15999,2,2
30222,6,3
2678,0,0
18551,2,2
25447,4,4
28248,5,0
10984,1,1
2943,0,0
19066,3,3
6911,0,0
28387,5,5
25233,4,4
17401,2,2
22531,3,3
30297,6,3
1815,0,0
7822,0,0
29882,6,6
8373,1,1
14774,2,2
2744,0,0
27250,5,0
19689,3,3
12014,1,1
11365,1,1
9530,1,1
12594,1,1
6528,0,0
8856,1,1
279,0,0
14442,2,1
6112,0,0
18500,2,2
26508,5,2
19772,3,3
6206,0,0
15841,2,2
5096,0,0
5762,0,0
7569,0,0
13471,1,1
7100,0,0
18835,2,2
13755,1,1
9384,1,1
15431,2,2
2980,0,0
278,0,0
28285,5,5
31285,6,6
2893,0,0
16525,2,1
736,0,0
2275,0,0
11699,1,1
16841,2,1
16278,2,2
8492,1,1
20380,3,3
2884,0,0
10075,1,1
17553,2,2
30175,6,6
19927,3,3
28537,5,0
24874,4,2
11453,1,1
25937,5,5
25862,5,0
17362,2,2
21159,3,2
30419,6,1
24405,4,4
30459,6,0
31351,6,2
19803,3,3
31354,6,3
11852,1,1
27021,5,5
6720,0,0
16983,2,2
790,0,0
2129,0,0
20035,3,2
15220,2,2
25058,4,4
20707,3,3
14886,2,2
12264,1,1
11988,1,1
27011,5,5
23746,3,6
5025,0,0
30562,6,3
6814,0,0
19826,3,3
26277,5,5
9842,1,1
22764,3,6
250,0,0
10755,1,1
24411,4,4
28203,5,0
12636,1,1
900,0,0
13078,1,1
12054,1,1
11603,1,1
20182,3,3
24871,4,0
8387,1,1
7255,0,0
26658,5,0
4254,0,0
14421,2,2
29514,6,6
10814,1,1
1923,0,0
3834,0,0
3938,0,0
28609,5,5
11339,1,1
13607,1,1
18869,2,0
18717,2,2
30377,6,3
23323,3,3
2638,0,0
12133,1,1
430,0,0
4579,0,0
12542,1,1
15582,2,2
25130,4,2
2973,0,0
11356,1,1
26265,5,5
3256,0,0
13632,1,1
22489,3,2
31338,6,3
20451,3,3
3769,0,0
19997,3,3
16068,2,2
4985,0,0
15168,2,2
5879,0,0
6994,0,0
10944,1,1
7488,0,0
21845,3,0
10969,1,1
4844,0,0
7305,0,0
20091,3,3
27817,5,5
6886,0,0
17126,2,1
19890,3,3
4149,0,0
20467,3,3
21832,3,3
26141,5,2
3905,0,0
16235,2,0
27310,5,5
11144,1,1
23013,3,3
16680,2,2
29681,6,5
15189,2,0
10624,1,1
4900,0,0
14848,2,3
6187,0,0
20473,3,3
14416,2,2
13291,1,1
26973,5,5
6682,0,0
31289,6,3
24544,4,3
16003,2,2
13375,1,1
5770,0,0
1255,0,0
14655,2,0
6596,0,0
12030,1,1
17115,2,2
5121,0,0
9353,1,1
742,0,0
1318,0,0
25949,5,5
9381,1,1
13999,1,1
15276,2,2
19653,3,1
11405,1,1
30304,6,6
21842,3,3
28577,5,5
19144,3,3
2819,0,0
10933,1,1
22727,3,3
30112,6,3
24523,4,0
13433,1,1
24511,4,2
30163,6,0
9688,1,1
2153,0,0
20636,3,3
20627,3,3
26514,5,5
9658,1,1
20752,3,3
3193,0,0
28440,5,5
21371,3,3
14111,1,1
3425,0,0
28548,5,2
4393,0,0
13022,1,1
8139,1,0
18983,3,3
16047,2,2
214,0,0
9489,1,1
24290,4,0
26221,5,0
24823,4,1
6024,0,0
10765,1,1
19189,3,3
4256,0,0
6011,0,0
21831,3,3
30623,6,3
10001,1,1
24164,4,3
10351,1,1
21290,3,1
532,0,0
17847,2,1
16853,2,1
10963,1,1
21332,3,3
20729,3,3
11086,1,1
11893,1,1
17731,2,2
1118,0,0
22210,3,3
1023,0,0
9913,1,1
27278,5,0
12214,1,1
16992,2,2
4756,0,0
8393,1,1
26934,5,5
17080,2,1
5561,0,0
3735,0,0
19864,3,1
25749,4,2
2393,0,0
7794,0,0
14314,2,2
31213,6,2
8440,1,1
28282,5,5
2561,0,0
30132,6,3
20988,3,3
15227,2,1
9640,1,1
11624,1,1
29034,6,3
6216,0,0
2527,0,0
4246,0,0
15606,2,2
8957,1,1
4220,0,0
29700,6,6
20958,3,2
20632,3,3
27214,5,5
24612,4,4
1441,0,0
15645,2,2
24929,4,0
18878,2,1
20952,3,3
13177,1,1
21143,3,3
14627,2,2
9798,1,1
14954,2,2
21306,3,3
10721,1,1
21657,3,3
9056,1,1
18234,2,2
12827,1,1
30587,6,3
2001,0,0
12893,1,1
25989,5,5
22978,3,2
462,0,0
15416,2,1
3643,0,0
10166,1,1
19647,3,3
25085,4,1
21382,3,3
29862,6,2
28990,6,3
19397,3,3
22787,3,0
21620,3,3
15095,2,2
25858,5,0
23753,3,3
10439,1,1
10990,1,1
9707,1,1
26301,5,0
762,0,0
21086,3,3
16340,2,2
2764,0,0
23657,3,3
3470,0,0
14682,2,2
14762,2,2
12980,1,1
17403,2,2
6148,0,0
5284,0,0
20610,3,3
18541,2,2
18463,2,2
16604,2,2
18022,2,4
26486,5,5
21547,3,3
19831,3,3
27737,5,5
2754,0,0
621,0,0
24906,4,4
20355,3,3
23878,3,0
2425,0,0
19335,3,3
22578,3,3
26396,5,1
23448,3,3
27641,5,1
30615,6,0
14431,2,2
15528,2,0
21262,3,3
16036,2,2
19034,3,0
30711,6,1
2507,0,0
11702,1,1
26759,5,5
28084,5,5
6235,0,0
18035,2,0
3901,0,0
24157,4,2
12918,1,1
2715,0,0
9172,1,1
17501,2,2
22696,3,0
4659,0,0
16817,2,2
20892,3,3
26582,5,5
18430,2,2
13282,1,1
29410,6,0
14538,2,2
14019,1,1
19834,3,3
4672,0,0
29309,6,0
13005,1,1
3547,0,0
6328,0,0
17933,2,2
22086,3,5
11943,1,1
5035,0,0
8293,1,1
29621,6,0
11768,1,1
24431,4,0
26764,5,0
14630,2,2
25910,5,5
3014,0,0
1331,0,0
8786,1,1
8561,1,1
14843,2,1
18078,2,2
27510,5,5
19892,3,3
11379,1,1
6916,0,0
21388,3,3
29769,6,2
10670,1,1
4206,0,0
6224,0,0
2208,0,0
18633,2,2
17418,2,2
13754,1,1
8478,1,1
15907,2,2
18709,2,0
25055,4,2
2111,0,0
13206,1,1
30496,6,6
13619,1,1
17230,2,2
17978,2,2
8557,1,1
747,0,0
5139,0,0
12610,1,1
2617,0,0
5504,0,0
9926,1,1
23783,3,0
13508,1,1
23662,3,3
14136,1,1
2856,0,0
27760,5,5
5665,0,0
16293,2,2
24645,4,4
9849,1,1
34,0,0
15671,2,2
26753,5,5
8670,1,1
4667,0,0
21414,3,3
12263,1,1
8013,0,0
1487,0,0
14816,2,2
16298,2,1
18615,2,2
18584,2,2
10127,1,1
16706,2,2
9058,1,1
843,0,0
4120,0,0
14460,2,2
9539,1,1
4847,0,0
9407,1,1
15726,2,2
24305,4,3
24559,4,3
17819,2,2
9233,1,1
20623,3,0
26761,5,0
10924,1,1
3707,0,0
31306,6,6
6214,0,0
27352,5,0
26251,5,5
7442,0,0
13185,1,1
13792,1,1
3858,0,0
16067,2,2
23680,3,3
8355,1,1
25416,4,4
6293,0,0
17592,2,3
17797,2,2
15104,2,1
16026,2,2
17057,2,1
13260,1,1
243,0,0
4384,0,0
17122,2,0
8025,0,0
19887,3,3
29517,6,3
18669,2,2
21356,3,1
6442,0,0
21327,3,3
15425,2,2
14983,2,2
5422,0,0
1715,0,0
25694,4,0
29142,6,6
8742,1,1
26609,5,0
2718,0,0
13906,1,1
22061,3,3
15782,2,2
26297,5,0
17597,2,2
23002,3,3
7542,0,0
26087,5,5
1668,0,0
27088,5,0
20328,3,3
29396,6,3
3922,0,0
24131,4,4
9071,1,1
16025,2,3
936,0,0
20787,3,3
2388,0,0
30591,6,3
18478,2,2
8310,1,1
6951,0,0
25523,4,1
13315,1,1
16869,2,2
19679,3,3
29267,6,0
11282,1,1
30205,6,3
27444,5,1
10898,1,3
2141,0,0
16834,2,2
25607,4,3
3058,0,0
20693,3,3
11636,1,1
22665,3,3
22427,3,3
1078,0,0
21798,3,3
11604,1,1
21940,3,2
13424,1,1
16437,2,1
16556,2,0
20781,3,3
5662,0,0
3697,0,0
4216,0,0
20458,3,3
971,0,0
2898,0,0
15017,2,2
28904,5,5
21079,3,3
11724,1,1
1536,0,0
29167,6,6
1723,0,0
25608,4,0
27406,5,5
15132,2,2
25704,4,4
19631,3,3
29063,6,3
22099,3,3
6935,0,0
19297,3,3
516,0,0
14529,2,3
2858,0,0
11513,1,1
9635,1,1
18483,2,1
14180,1,1
14741,2,1
23806,3,3
20014,3,3
21828,3,3
8247,1,1
29864,6,6
7799,0,0
25368,4,0
4343,0,0
11751,1,1
31357,6,6
29464,6,6
16094,2,1
20286,3,3
26632,5,5
3705,0,0
17835,2,1
11057,1,1
11052,1,3
216,0,0
1655,0,0
18754,2,2
7388,0,0
28420,5,5
12733,1,1
3096,0,0
8713,1,1
20725,3,3
17990,2,2
11264,1,1
29018,6,6
25654,4,4
5215,0,0
18250,2,2
26238,5,5
15301,2,0
26304,5,0
13827,1,1
7456,0,0
22686,3,3
30363,6,3
9459,1,1
11932,1,1
26573,5,0
3219,0,0
10378,1,1
3745,0,0
9761,1,1
23048,3,0
22808,3,3
6788,0,0
29454,6,3
18043,2,2
28350,5,5
23112,3,3
16721,2,1
17604,2,2
13691,1,1
9760,1,1
8153,1,1
21010,3,3
2536,0,0
16095,2,2
24505,4,4
27033,5,0
18067,2,1
11902,1,3
16809,2,2
22080,3,5
30954,6,1
24215,4,2
11269,1,1
22304,3,3
8094,0,0
3115,0,0
1433,0,0
5165,0,0
6522,0,0
23819,3,3
26871,5,5
24315,4,1
4949,0,0
31274,6,1
1339,0,0
22274,3,3
6319,0,0
27940,5,5
29811,6,3
14127,1,1
21145,3,3
27803,5,5
29100,6,3
21513,3,2
7500,0,0
10359,1,1
22938,3,3
19312,3,3
24550,4,3
19947,3,3
18823,2,2
12633,1,1
19272,3,0
11854,1,1
28854,5,5
26002,5,5
20916,3,3
13363,1,1
11876,1,1
19999,3,3
8049,0,0
24707,4,4
24931,4,4
26358,5,5
29232,6,3
1786,0,0
505,0,0
2280,0,0
24048,3,3
3189,0,0
24155,4,4
12912,1,1
28366,5,5
21982,3,3
8618,1,1
8240,1,1
538,0,0
26795,5,5
21232,3,2
18107,2,1
6460,0,0
17361,2,2
5191,0,0
2532,0,0
8540,1,1
3842,0,0
18039,2,3
25113,4,2
3525,0,0
14190,1,1
13106,1,1
18638,2,2
16503,2,3
9653,1,3
22576,3,3
7152,0,0
24521,4,5
9536,1,1
15952,2,1
14787,2,0
19310,3,3
27438,5,2
6896,0,0
21718,3,0
21314,3,3
14962,2,2
30286,6,3
19717,3,3
30937,6,6
25455,4,0
9048,1,1
22133,3,3
11747,1,1
21711,3,3
21824,3,3
11476,1,1
14335,2,2
17673,2,0
16909,2,2
17102,2,3
1598,0,0
3585,0,0
3063,0,0
6778,0,0
18210,2,2
15556,2,1
1710,0,0
6867,0,0
9397,1,1
26541,5,5
22398,3,3
3394,0,0
10511,1,1
27163,5,0
12543,1,1
7916,0,0
12863,1,1
9116,1,1
17742,2,2
7585,0,0
25722,4,2
22151,3,3
2331,0,0
27093,5,5
22111,3,3
27981,5,5
30806,6,0
23493,3,3
3208,0,0
26518,5,0
7397,0,0
22245,3,0
29479,6,2
30335,6,0
21110,3,3
5325,0,0
13744,1,1
5720,0,0
13197,1,1
8902,1,1
28236,5,0
4296,0,0
585,0,0
20415,3,3
2320,0,0
29187,6,3
12727,1,1
17954,2,2
83,0,0
24129,4,1
5532,0,0
12618,1,1
5754,0,0
12492,1,1
20575,3,3
20660,3,3
14276,1,1
9666,1,1
579,0,0
28618,5,0
8151,1,1
27896,5,5
3387,0,0
30921,6,3
19058,3,3
2168,0,0
29415,6,3
4449,0,0
25752,4,4
27704,5,5
18319,2,2
15486,2,2
24179,4,3
12042,1,1
3045,0,0
9831,1,1
11142,1,1
8072,0,0
28252,5,5
15727,2,1
31293,6,2
22679,3,2
17884,2,6
5860,0,0
24483,4,0
13225,1,1
25881,5,0
10427,1,1
23107,3,3
13797,1,1
28168,5,0
23992,3,3
29868,6,0
22836,3,3
1412,0,0
20978,3,3
4419,0,0
20174,3,2
8979,1,1
25033,4,4
705,0,0
27983,5,5
5282,0,0
8394,1,1
18809,2,3
18780,2,2
12184,1,5
19046,3,3
25867,5,5
17242,2,2
4596,0,0
573,0,0
5467,0,0
8731,1,1
4794,0,0
25029,4,0
4984,0,0
12900,1,1
19542,3,2
21863,3,3
6635,0,0
4772,0,0
13101,1,1
7408,0,0
6215,0,0
20465,3,3
19195,3,3
1113,0,0
20634,3,5
22842,3,1
12457,1,1
16752,2,2
25106,4,2
21013,3,3
8223,1,1
27709,5,5
14020,1,1
20097,3,3
22434,3,3
20336,3,3
18842,2,0
1719,0,0
31430,6,0
4783,0,0
23026,3,3
28803,5,5
22930,3,3
11788,1,0
9881,1,1
23543,3,3
30555,6,2
11472,1,1
13583,1,1
21077,3,3
17504,2,2
8304,1,1
25410,4,2
3047,0,0
15354,2,2
28593,5,5
15628,2,2
6604,0,0
18577,2,2
20813,3,3
20166,3,3
27156,5,5
14994,2,2
15769,2,2
27022,5,0
18359,2,2
16175,2,2
880,0,0
12235,1,1
17983,2,3
2406,0,0
7539,0,0
6052,0,0
14857,2,2
11096,1,1
31132,6,3
1246,0,0
10429,1,1
28659,5,0
28410,5,0
3776,0,0
13220,1,1
2518,0,0
8832,1,1
6529,0,0
8686,1,1
29575,6,5
6730,0,0
27394,5,0
27944,5,5
5825,0,0
12273,1,1
24816,4,2
28636,5,5
31181,6,6
19329,3,3
13253,1,1
30332,6,2
6983,0,0
18912,2,0
23809,3,3
17757,2,2
9331,1,1
13413,1,1
19732,3,1
30810,6,2
5843,0,0
25309,4,4
3638,0,0
29012,6,6
20134,3,3
16790,2,3
6632,0,0
644,0,0
23919,3,3
8170,1,1
2564,0,0
15117,2,2
24501,4,4
16313,2,1
4991,0,0
30869,6,3
15336,2,2
10226,1,1
4344,0,0
738,0,0
31225,6,2
9266,1,1
7731,0,0
173,0,0
20638,3,3
2960,0,0
6070,0,0
9038,1,1
8651,1,1
21790,3,3
18441,2,2
20468,3,3
10628,1,1
21502,3,3
24608,4,4
21055,3,3
3949,0,0
31299,6,3
20394,3,3
11597,1,1
12579,1,3
4707,0,0
24444,4,3
2710,0,0
11253,1,1
11032,1,1
6836,0,0
2647,0,0
20776,3,3
17192,2,2
25104,4,0
1503,0,0
3847,0,0
7534,0,0
17267,2,2
31048,6,3
20446,3,3
9676,1,3
9276,1,1
13938,1,1
9928,1,1
15808,2,2
9747,1,3
15891,2,2
5201,0,0
20366,3,6
12107,1,1
3154,0,0
17859,2,2
5440,0,0
1992,0,0
10289,1,1
28409,5,5
2213,0,0
4932,0,0
19777,3,3
31253,6,3
550,0,0
7258,0,0
14920,2,1
26077,5,5
13789,1,1
25115,4,4
12238,1,1
30489,6,0
12654,1,1
3694,0,0
14050,1,1
28574,5,0
16842,2,1
30883,6,6
14891,2,3
3184,0,0
6425,0,0
21248,3,1
24003,3,3
11428,1,1
23827,3,3
14965,2,2
1483,0,0
17747,2,2
15050,2,3
3916,0,0
323,0,0
8504,1,1
8978,1,1
5183,0,0
7484,0,0
5727,0,0
30212,6,2
15395,2,1
14508,2,2
28202,5,5
29602,6,6
13208,1,1
10004,1,1
25970,5,0
341,0,0
18774,2,2
29343,6,6
13717,1,1
30030,6,3
22184,3,3
12617,1,1
14652,2,2
20967,3,3
19858,3,1
833,0,0
4047,0,0
16277,2,2
16540,2,1
21990,3,3
8895,1,0
7724,0,0
8416,1,1
29060,6,6
1508,0,0
3068,0,0
7893,0,0
9507,1,1
17691,2,2
25271,4,4
16588,2,2
30540,6,0
18277,2,1
3248,0,0
23790,3,3
2497,0,0
10210,1,1
18126,2,2
1457,0,0
5354,0,0
11974,1,1
27986,5,0
16845,2,2
14617,2,3
22023,3,3
26857,5,5
18729,2,2
23865,3,3
20408,3,3
2142,0,0
2622,0,0
27925,5,0
5732,0,0
25941,5,0
30395,6,1
3578,0,0
18295,2,1
10152,1,3
12837,1,1
7228,0,0
15842,2,2
16270,2,1
27858,5,0
12660,1,1
21401,3,3
6934,0,0
15212,2,1
5006,0,0
5414,0,0
16659,2,2
3396,0,0
2842,0,0
23719,3,3
6,0,0
24186,4,4
4209,0,0
24549,4,2
23626,3,3
8137,0,0
5523,0,0
9682,1,1
22232,3,3
21854,3,3
3378,0,0
14990,2,2
26708,5,5
1994,0,0
31182,6,6
13290,1,0
28929,5,5
6048,0,0
8158,1,1
2540,0,0
25214,4,4
3246,0,0
24266,4,4
12517,1,2
23035,3,3
9347,1,1
6239,0,0
9303,1,1
12362,1,1
12193,1,1
26451,5,0
23533,3,3
31412,6,6
29356,6,6
28848,5,5
23967,3,0
31374,6,3
28603,5,1
46,0,0
4372,0,0
4699,0,0
15063,2,2
1138,0,0
8769,1,1
5688,0,0
24882,4,2
12081,1,1
10272,1,1
5658,0,0
16265,2,2
2772,0,0
18348,2,2
5236,0,0
25026,4,4
12710,1,1
10036,1,1
16580,2,2
23105,3,3
8285,1,1
19357,3,3
3473,0,0
27300,5,0
9189,1,1
23014,3,3
31519,6,6
19367,3,3
29904,6,3
19443,3,6
27680,5,5
13066,1,1
4241,0,0
22352,3,3
878,0,0
27571,5,5
16383,2,1
8079,0,0
6271,0,0
20621,3,3
11248,1,1
31479,6,1
6188,0,0
4160,0,0
16487,2,3
8218,1,1
9685,1,1
23777,3,0
2868,0,0
9681,1,1
14876,2,2
26826,5,0
3023,0,0
4589,0,2
2907,0,0
29365,6,6
18721,2,0
13099,1,1
16665,2,2
485,0,0
14505,2,2
29471,6,6
28143,5,3
1972,0,0
200,0,0
20087,3,3
6857,0,0
5195,0,0
25084,4,2
28877,5,5
4645,0,0
20737,3,3
7505,0,0
17654,2,2
3469,0,0
25304,4,4
10063,1,1
9222,1,1
19026,3,3
11845,1,1
7209,0,0
979,0,0
23399,3,3
7475,0,0
29308,6,6
18357,2,2
1804,0,0
7581,0,0
11764,1,1
6551,0,0
3706,0,0
4867,0,0
10189,1,1
4424,0,0
29648,6,1
397,0,0
15215,2,2
6427,0,0
8892,1,1
13049,1,1
1575,0,0
21190,3,1
24676,4,4
27288,5,5
23697,3,3
17020,2,2
30042,6,6
8375,1,1
25898,5,5
12675,1,1
13468,1,1
27556,5,5
29628,6,6
6291,0,0
5472,0,0
19153,3,3
28649,5,5
12784,1,1
21127,3,3
27309,5,5
92,0,0
3122,0,0
3441,0,0
18560,2,3
4519,0,0
29247,6,1
30447,6,6
927,0,0
7029,0,0
19560,3,3
12659,1,1
13328,1,1
2325,0,0
15350,2,2
29745,6,0
3463,0,0
8552,1,1
14491,2,0
25980,5,5
1190,0,0
8714,1,1
8886,1,1
563,0,0
23982,3,3
29457,6,3
11117,1,1
30928,6,1
9427,1,1
23263,3,3
9093,1,1
9273,1,1
20639,3,3
351,0,0
28556,5,0
7102,0,0
24128,4,4
27057,5,5
447,0,0
16710,2,1
15746,2,2
7790,0,0
22784,3,3
19718,3,1
28341,5,5
20785,3,3
25076,4,4
27517,5,0
6517,0,0
4817,0,0
6138,0,0
21579,3,3
20204,3,3
24256,4,0
30993,6,3
27729,5,1
14798,2,1
13021,1,1
6134,0,0
26420,5,5
6888,0,0
16274,2,2
27039,5,0
21773,3,3
24512,4,3
28189,5,0
11862,1,1
21099,3,0
1087,0,0
16856,2,2
23820,3,3
23694,3,3
4751,0,0
30238,6,2
5456,0,0
27431,5,5
26880,5,0
9668,1,1
22325,3,0
25631,4,0
14731,2,2
14929,2,2
1053,0,0
20591,3,3
2649,0,0
13862,1,1
9558,1,1
27267,5,5
12553,1,1
15530,2,2
30715,6,2
4636,0,0
30718,6,3
16414,2,2
5219,0,0
3792,0,0
21047,3,3
99,0,0
5040,0,0
16899,2,2
1676,0,0
21796,3,3
27580,5,0
9285,1,1
14283,1,1
29388,6,6
19331,3,3
27215,5,5
24653,4,4
22725,3,1
27000,5,0
626,0,0
18269,2,2
8364,1,1
30322,6,0
10388,1,1
5853,0,0
7739,0,0
13982,1,1
22498,3,3
2041,0,0
16635,2,1
10229,1,1
20938,3,3
8616,1,1
5341,0,0
11967,1,1
3946,0,0
9555,1,1
23220,3,1
26270,5,5
16050,2,2
26078,5,0
27372,5,5
30752,6,6
20739,3,0
5610,0,0
30902,6,3
26075,5,5
11896,1,1
5940,0,0
8180,1,1
17409,2,2
28281,5,0
20108,3,3
15488,2,2
24180,4,4
26822,5,5
14525,2,1
23456,3,3
25561,4,0
12462,1,1
11400,1,1
14446,2,2
19017,3,3
21866,3,3
9362,1,1
31435,6,6
26208,5,5
19616,3,2
10406,1,1
25362,4,0
13787,1,1
27096,5,5
29252,6,2
23875,3,5
7030,0,0
20513,3,3
18502,2,2
30121,6,6
11701,1,1
19993,3,3
8374,1,1
14161,1,1
31168,6,6
15666,2,2
23343,3,3
8029,0,0
8760,1,1
28986,6,3
2084,0,0
28349,5,5
24583,4,0
26014,5,0
2730,0,0
25080,4,3
17083,2,2
6325,0,0
4993,0,0
5128,0,0
29272,6,6
30529,6,3
3833,0,0
14709,2,2
25479,4,3
6689,0,0
24520,4,0
22955,3,3
21377,3,3
4165,0,0
12143,1,1
9299,1,1
344,0,0
3410,0,0
14853,2,0
963,0,0
4285,0,0
4884,0,0
2323,0,0
4448,0,0
8409,1,1
2009,0,0
5859,0,0
12825,1,1
29522,6,3
8768,1,1
24952,4,1
14470,2,0
14370,2,2
27984,5,5
30538,6,3
17495,2,2
31294,6,6
29380,6,3
25125,4,2
16552,2,2
26505,5,0
14977,2,2
24127,4,0
25399,4,0
19243,3,3
23750,3,3
9975,1,1
6797,0,0
29490,6,0
10013,1,1
1215,0,0
3929,0,0
25907,5,5
16495,2,2
29370,6,3
4845,0,0
24517,4,2
22730,3,3
28011,5,5
19070,3,1
27287,5,0
2952,0,0
6758,0,0
3826,0,0
20818,3,3
664,0,0
12215,1,1
7745,0,0
18368,2,2
2533,0,0
22480,3,3
11189,1,1
24942,4,1
15335,2,2
11325,1,1
31303,6,3
9295,1,1
24606,4,4
4749,0,0
26349,5,5
12524,1,1
29171,6,6
15019,2,2
2404,0,0
27126,5,0
22091,3,3
13124,1,1
11947,1,1
12669,1,1
8513,1,1
20713,3,3
6769,0,0
3835,0,0
15744,2,0
15325,2,2
21745,3,3
1450,0,0
12649,1,1
3588,0,0
23077,3,0
26607,5,1
22494,3,1
14159,1,1
16361,2,0
11813,1,1
11417,1,1
25914,5,0
23604,3,3
29207,6,2
16942,2,2
27681,5,5
19755,3,3
6234,0,0
18861,2,0
12555,1,2
30311,6,2
11147,1,1
4850,0,0
2405,0,0
25809,4,1
11617,1,1
25673,4,4
13534,1,1
6204,0,0
852,0,0
25951,5,0
30453,6,6
2236,0,0
14041,1,1
24008,3,3
21419,3,3
4762,0,0
5886,0,0
17279,2,2
17445,2,2
14368,2,3
8743,1,1
20841,3,3
16768,2,0
2281,0,0
3829,0,0
20540,3,3
7600,0,0
3077,0,0
18476,2,2
8336,1,1
30422,6,3
25385,4,0
5815,0,0
3268,0,0
30418,6,1
1012,0,0
3964,0,0
30430,6,6
25192,4,3
312,0,0
9712,1,1
7132,0,0
3474,0,0
29143,6,0
17062,2,2
4813,0,0
27295,5,5
29608,6,3
9254,1,1
14108,1,1
474,0,0
15057,2,2
26495,5,0
12584,1,1
7293,0,0
9875,1,1
26902,5,5
19812,3,3
18854,2,1
8834,1,1
20113,3,3
28881,5,5
775,0,0
21296,3,3
22698,3,3
2318,0,0
8710,1,1
11388,1,1
26194,5,5
6672,0,0
23104,3,3
31555,6,3
22510,3,3
20033,3,0
18650,2,3
31332,6,6
19529,3,3
22902,3,3
5975,0,0
14237,1,1
22597,3,3
3455,0,0
10986,1,1
16287,2,1
19482,3,1
9800,1,1
5654,0,0
674,0,0
21683,3,3
19014,3,3
22871,3,3
6367,0,0
30899,6,6
2222,0,0
31330,6,0
12484,1,1
4556,0,0
2571,0,0
12389,1,1
27540,5,0
13457,1,1
21005,3,3
31391,6,0
24349,4,4
15617,2,2
21724,3,3
14960,2,2
23581,3,3
13449,1,1
24227,4,1
21108,3,3
26182,5,5
2541,0,0
13474,1,1
29712,6,1
10881,1,1
17425,2,1
8615,1,1
18886,2,2
8980,1,1
21261,3,3
9898,1,1
10091,1,3
6289,0,0
28376,5,5
25968,5,0
24238,4,2
16289,2,2
5377,0,1
24390,4,3
7261,0,0
9350,1,1
14517,2,2
7417,0,0
19852,3,3
11487,1,1
28479,5,5
20146,3,0
27377,5,5
19986,3,3
24311,4,2
7998,0,0
12283,1,1
19380,3,3
23500,3,3
2457,0,0
1276,0,0
24875,4,4
14789,2,2
7682,0,0
2932,0,0
12741,1,2
21728,3,3
20065,3,3
1482,0,0
22159,3,3
872,0,2
3579,0,0
4915,0,0
19740,3,3
1453,0,0
25247,4,4
8725,1,1
25857,5,5
10114,1,1
5425,0,0
12793,1,1
17516,2,1
4547,0,0
7420,0,0
10062,1,1
8048,0,0
15113,2,2
27976,5,0
19855,3,3
25334,4,4
12223,1,1
29740,6,3
27821,5,0
16543,2,3
6663,0,0
7503,0,0
11068,1,1
12749,1,1
12831,1,1
12896,1,1
14524,2,2
13497,1,1
15793,2,2
831,0,0
866,0,0
20010,3,3
33,0,0
28820,5,1
6119,0,0
19179,3,3
19666,3,3
6453,0,0
17236,2,2
14587,2,1
26067,5,0
25566,4,2
19273,3,3
21989,3,6
9976,1,3
2767,0,0
10092,1,1
8439,1,1
5678,0,0
24198,4,3
29083,6,3
15766,2,3
4738,0,0
23131,3,1
16837,2,2
28149,5,5
26747,5,0
10445,1,1
27483,5,5
25650,4,4
20060,3,3
14176,1,1
9251,1,1
10710,1,1
28936,5,0
13321,1,1
25357,4,3
5226,0,0
19743,3,3
30977,6,6
13762,1,1
12567,1,1
30836,6,1
16306,2,2
16703,2,3
27873,5,5
20043,3,3
8194,1,1
11177,1,1
17780,2,2
5133,0,0
8362,1,1
3398,0,0
1411,0,0
20861,3,3
12276,1,1
31340,6,3
29760,6,3
6418,0,0
26441,5,5
24810,4,1
13416,1,1
21060,3,3
24116,4,4
12471,1,1
27239,5,3
6633,0,0
2585,0,0
25079,4,3
25077,4,4
17571,2,2
16188,2,2
2949,0,0
28522,5,1
28415,5,1
21928,3,3
28971,5,5
28473,5,5
30779,6,3
23135,3,3
12883,1,1
24930,4,3
25387,4,3
29369,6,3
19683,3,3
30504,6,1
9380,1,1
13804,1,1
480,0,0
12227,1,1
13814,1,1
10650,1,3
911,0,0
20418,3,5
27888,5,1
26490,5,5
17423,2,2
1388,0,0
8890,1,1
3050,0,0
9008,1,1
1698,0,0
18655,2,2
5657,0,0
12573,1,1
22995,3,3
31505,6,6
7668,0,0
6965,0,0
17481,2,2
13656,1,1
21851,3,3
811,0,0
11879,1,1
28875,5,0
8474,1,1
24046,3,3
14987,2,2
17614,2,1
20926,3,3
7212,0,0
8871,1,1
25134,4,4
1103,0,0
14612,2,0
2947,0,0
10269,1,1
27921,5,0
11524,1,1
26520,5,5
8184,1,1
8862,1,1
28864,5,5
28246,5,5
15054,2,2
1475,0,0
21694,3,3
22231,3,6
5343,0,0
8288,1,1
12872,1,1
27661,5,5
25346,4,2
9571,1,1
14907,2,3
10398,1,1
17754,2,0
7510,0,0
8099,0,0
26983,5,0
29876,6,3
16551,2,2
14742,2,1
1590,0,0
29327,6,0
2633,0,0
22156,3,3
5927,0,0
7937,0,0
27980,5,0
19534,3,3
1834,0,0
7760,0,0
12403,1,1
14734,2,2
29497,6,3
15062,2,2
7241,0,0
23896,3,3
2342,0,0
10671,1,1
28209,5,5
22332,3,3
17120,2,0
29932,6,3
27066,5,5
14790,2,2
13339,1,0
24178,4,0
24680,4,4
6741,0,0
15014,2,2
30465,6,3
24934,4,3
7888,0,0
11567,1,1
6676,0,0
30511,6,6
26023,5,5
19939,3,3
29810,6,6
21818,3,3
3876,0,0
14844,2,1
14694,2,2
13153,1,1
14014,1,3
28379,5,5
27616,5,1
2467,0,0
24807,4,1
27946,5,5
23445,3,3
15964,2,2
15546,2,2
18356,2,1
17090,2,2
2012,0,0
16893,2,1
4534,0,0
12163,1,1
26763,5,5
5551,0,0
15031,2,2
18367,2,2
15918,2,2
27439,5,5
10673,1,1
16231,2,1
9103,1,5
22511,3,3
17946,2,2
16192,2,1
16751,2,2
5777,0,0
17166,2,2
22477,3,0
19293,3,3
21945,3,3
16058,2,0
16889,2,1
15685,2,1
11960,1,1
1661,0,0
5220,0,0
11623,1,2
7880,0,0
2714,0,0
18342,2,0
25067,4,0
11259,1,1
14358,2,2
23751,3,3
4688,0,0
30258,6,6
14279,1,1
2992,0,0
1937,0,0
24542,4,1
31103,6,3
15695,2,3
22493,3,3
21855,3,3
10138,1,3
3508,0,0
28807,5,5
1346,0,0
1282,0,0
17329,2,2
2310,0,0
24257,4,4
26134,5,0
17676,2,2
29536,6,6
19474,3,3
1395,0,0
31558,6,1
30460,6,1
3673,0,0
12296,1,1
7640,0,0
6885,0,0
52,0,0
16472,2,1
9532,1,1
25312,4,3
11072,1,1
7155,0,0
5081,0,0
17407,2,2
28792,5,0
7828,0,0
30248,6,6
7178,0,0
7753,0,0
22125,3,3
14582,2,3
2929,0,0
23060,3,3
22312,3,3
6902,0,0
19132,3,0
10475,1,1
20984,3,3
4341,0,0
10125,1,1
10533,1,1
9419,1,1
22561,3,3
21813,3,3
2904,0,0
3510,0,0
501,0,0
30443,6,3
15677,2,2
6914,0,0
28461,5,0
13831,1,1
31302,6,3
11504,1,1
11091,1,1
12094,1,1
14659,2,2
7800,0,0
2029,0,0
4469,0,0
10899,1,1
7886,0,0
30575,6,3
29422,6,2
24418,4,4
20497,3,3
3242,0,0
29399,6,5
5038,0,0
21595,3,3
22152,3,0
2726,0,0
15535,2,3
21898,3,3
15388,2,0
28553,5,5
15555,2,1
11715,1,1
27918,5,5
14240,1,1
9315,1,1
10549,1,1
7780,0,0
30898,6,0
16255,2,2
14558,2,2
4229,0,0
29571,6,3
24187,4,4
15974,2,2
12377,1,1
13685,1,1
17346,2,2
27493,5,5
23438,3,3
2847,0,0
22206,3,1
13520,1,1
5864,0,0
17663,2,0
23641,3,3
7486,0,0
27440,5,5
9248,1,1
11621,1,3
3222,0,0
28935,5,5
21805,3,3
1738,0,0
11423,1,1
22257,3,3
14556,2,2
24424,4,3
30188,6,1
31417,6,3
19154,3,3
31554,6,6
14514,2,2
21931,3,3
15473,2,2
23552,3,1
8574,1,1
25836,5,3
13243,1,1
29722,6,0
10285,1,1
12518,1,1
5841,0,0
6746,0,0
25955,5,5
100,0,0
20191,3,3
4421,0,0
18040,2,2
26876,5,5
15429,2,2
28401,5,0
28193,5,0
6870,0,0
8156,1,1
21009,3,3
18372,2,2
6847,0,0
3254,0,0
30722,6,0
4989,0,0
30559,6,6
30781,6,3
25411,4,2
10370,1,1
13539,1,1
23942,3,3
8124,0,0
6944,0,0
27955,5,1
13904,1,1
15783,2,2
28789,5,5
21678,3,3
13922,1,1
29073,6,6
19720,3,3
15270,2,2
21313,3,3
14724,2,3
873,0,0
29091,6,6
3353,0,0
28029,5,5
5679,0,0
8256,1,1
7554,0,0
22198,3,3
9014,1,1
21458,3,3
2676,0,0
9125,1,1
2070,0,0
29770,6,6
4457,0,0
31165,6,4
15404,2,3
13791,1,1
24658,4,2
20241,3,3
12426,1,1
3518,0,0
11773,1,1
24497,4,4
8466,1,1
15559,2,3
21712,3,3
28869,5,5
789,0,0
18630,2,2
23063,3,2
12833,1,3
3780,0,0
31327,6,6
23198,3,3
24383,4,2
30170,6,2
22174,3,3
6169,0,0
15443,2,3
31376,6,3
31233,6,6
7341,0,0
19577,3,3
2061,0,0
17468,2,2
19055,3,2
9469,1,1
28224,5,5
28494,5,5
4475,0,0
28964,5,5
1966,0,0
11592,1,1
11368,1,1
25602,4,2
280,0,0
4305,0,0
27805,5,0
16222,2,3
1690,0,0
6921,0,0
7826,0,0
11680,1,1
506,0,0
2043,0,0
9606,1,1
22045,3,3
14378,2,0
27715,5,1
25343,4,2
9289,1,1
18849,2,2
7976,0,0
23127,3,3
15497,2,1
879,0,0
3690,0,0
31475,6,3
18576,2,2
13167,1,1
21703,3,3
30342,6,3
9390,1,1
15843,2,5
12072,1,1
8295,1,1
18512,2,2
12507,1,1
28833,5,5
8161,1,1
19336,3,3
19924,3,3
1569,0,0
7594,0,0
16229,2,2
5379,0,0
15570,2,3
31563,6,3
10953,1,1
17372,2,2
25496,4,1
7467,0,0
26453,5,0
13083,1,1
7468,0,0
5018,0,0
28191,5,5
21343,3,3
28856,5,5
20489,3,1
2095,0,0
8835,1,1
14752,2,2
1266,0,0
17176,2,2
13738,1,1
1302,0,0
3789,0,0
21495,3,3
6708,0,0
19134,3,3
3106,0,0
23540,3,3
28250,5,5
10224,1,1
15557,2,2
1968,0,0
18599,2,1
6625,0,0
25507,4,1
15039,2,2
2227,0,0
20090,3,3
1962,0,0
10192,1,1
28309,5,5
22734,3,3
19188,3,3
15361,2,2
10495,1,1
1047,0,0
23371,3,3
26711,5,5
26314,5,5
20448,3,3
20868,3,3
20302,3,3
15046,2,2
13620,1,1
1758,0,0
28162,5,0
21825,3,3
4203,0,0
17405,2,2
6619,0,0
22878,3,3
25855,5,5
22924,3,3
27294,5,0
17729,2,2
15478,2,2
6552,0,0
19141,3,3
28984,6,2
19636,3,3
26344,5,5
10468,1,2
20743,3,3
27013,5,0
21654,3,3
16202,2,2
21578,3,3
31049,6,2
25837,5,5
3383,0,0
8688,1,3
23005,3,3
7578,0,0
8819,1,1
1385,0,0
5199,0,0
17693,2,2
27205,5,5
13835,1,1
3813,0,0
19739,3,3
2974,0,0
8676,1,1
23556,3,3
980,0,0
24162,4,0
15415,2,0
31047,6,3
21037,3,3
14077,1,1
334,0,0
20438,3,2
28735,5,5
31569,6,1
27167,5,5
8761,1,1
28283,5,5
28961,5,5
7923,0,0
16368,2,2
6657,0,0
10035,1,1
13954,1,1
23840,3,3
18192,2,2
4084,0,0
24924,4,1
25623,4,2
6918,0,0
10130,1,1
6531,0,0
12704,1,2
26210,5,5
6422,0,0
20282,3,3
7469,0,0
3710,0,0
274,0,0
9541,1,1
13169,1,1
2635,0,0
20053,3,3
29253,6,6
21379,3,3
4189,0,0
11541,1,1
16148,2,2
30750,6,3
29006,6,6
11961,1,1
18341,2,2
17977,2,2
3660,0,0
30060,6,3
25947,5,5
7628,0,0
1396,0,0
28793,5,1
13815,1,1
3899,0,0
3732,0,0
11579,1,1
4339,0,0
13924,1,1
10356,1,1
28889,5,5
6815,0,0
18332,2,2
21069,3,3
22632,3,3
16315,2,3
16178,2,2
11307,1,1
28894,5,5
19917,3,3
657,0,0
12766,1,1
9453,1,1
6534,0,0
7839,0,0
11127,1,1
21895,3,3
1434,0,0
7294,0,1
14118,1,5
26231,5,0
993,0,0
12568,1,1
7117,0,0
943,0,0
30014,6,6
11919,1,0
29193,6,2
3662,0,0
29607,6,6
19371,3,3
15771,2,2
7502,0,0
29218,6,3
14244,1,1
7986,0,1
27231,5,0
20072,3,3
5221,0,0
13024,1,1
30911,6,3
29675,6,3
5461,0,0
25586,4,4
21859,3,3
10829,1,1
17278,2,2
28739,5,0
25616,4,1
2982,0,0
6267,0,0
905,0,0
18910,2,2
7676,0,0
28638,5,1
18183,2,1
12957,1,1
13823,1,1
30277,6,3
22611,3,3
11830,1,1
30298,6,6
23689,3,1
6594,0,0
11034,1,1
19161,3,3
4034,0,0
10078,1,1
3322,0,0
31405,6,3
7449,0,0
18377,2,2
19005,3,3
13314,1,1
5671,0,0
27220,5,5
4280,0,0
29947,6,3
8135,0,0
3806,0,0
12802,1,1
9520,1,1
26704,5,0
5545,0,0
330,0,0
17252,2,2
22336,3,3
8407,1,1
30227,6,3
25303,4,2
27387,5,5
15955,2,3
4093,0,0
21091,3,2
20322,3,2
2286,0,0
20216,3,3
6912,0,0
30094,6,6
25536,4,2
22485,3,3
13953,1,1
11811,1,1
21682,3,3
16735,2,2
26513,5,5
18327,2,1
6334,0,0
19507,3,3
4513,0,0
23555,3,3
17385,2,3
23194,3,3
28355,5,0
28092,5,0
1182,0,0
5937,0,0
25065,4,0
31440,6,3
23943,3,3
10483,1,1
27854,5,5
25714,4,1
12032,1,1
18112,2,3
3848,0,0
25690,4,1
6602,0,0
9309,1,1
11224,1,1
23578,3,3
4028,0,0
19147,3,3
5659,0,0
26064,5,5
21916,3,2
26009,5,5
18217,2,2
25301,4,4
17578,2,2
18932,2,0
15703,2,2
10812,1,1
3172,0,0
4819,0,0
14510,2,2
6576,0,0
17441,2,2
15794,2,2
16602,2,2
22108,3,3
6248,0,0
8704,1,1
29764,6,3
22323,3,3
8403,1,1
22064,3,3
20169,3,3
19433,3,3
29213,6,6
25480,4,4
27506,5,0
3725,0,0
27763,5,0
26498,5,5
18266,2,2
12645,1,1
8021,0,0
11262,1,1
6133,0,0
14768,2,2
17093,2,2
20069,3,3
11333,1,3
9905,1,1
29594,6,3
11361,1,1
30797,6,3
28277,5,5
5576,0,0
2664,0,0
11056,1,1
16263,2,2
29352,6,6
23721,3,3
17037,2,2
1664,0,0
18997,3,3
31098,6,6
20940,3,3
22699,3,3
2508,0,0
29427,6,3
4235,0,0
16486,2,0
17938,2,2
19591,3,3
9904,1,1
4974,0,0
24085,4,2
16649,2,1
9214,1,1
23685,3,3
22776,3,3
19287,3,3
4877,0,0
14261,1,1
13784,1,1
7515,0,0
18515,2,2
16110,2,2
23361,3,3
288,0,0
19946,3,6
26670,5,5
29115,6,6
3492,0,0
31497,6,6
31484,6,6
17446,2,2
22761,3,5
121,0,0
29455,6,3
26080,5,5
24103,4,0
890,0,0
1243,0,0
3386,0,0
20568,3,3
10506,1,1
4148,0,0
19530,3,3
26980,5,5
23395,3,1
30913,6,3
12140,1,1
11765,1,1
16813,2,3
27527,5,0
31347,6,3
5172,0,0
27521,5,2
19959,3,3
6876,0,0
28413,5,5
17765,2,2
16096,2,2
16416,2,2
29783,6,3
21203,3,3
2616,0,0
11501,1,1
18001,2,1
27749,5,5
18879,2,2
26549,5,5
702,0,0
14088,1,1
12922,1,1
14492,2,1
28973,5,5
16088,2,2
14018,1,3
31423,6,6
20000,3,3
3049,0,0
25723,4,4
912,0,0
15772,2,1
20503,3,3
16658,2,2
15604,2,2
3507,0,0
14452,2,2
28486,5,5
13235,1,1
22675,3,2
13742,1,0
27774,5,5
1035,0,0
9300,1,1
9477,1,1
27948,5,1
7907,0,0
8,0,0
14897,2,1
8344,1,1
26452,5,5
30846,6,3
7278,0,0
26780,5,5
15986,2,2
15027,2,2
9402,1,1
18347,2,1
10026,1,1
24329,4,4
5453,0,0
11566,1,1
12667,1,1
10727,1,1
725,0,0
5865,0,0
25048,4,4
7936,0,0
8845,1,1
9201,1,1
21540,3,3
18274,2,2
29818,6,3
29822,6,3
31077,6,3
7174,0,0
13381,1,1
17651,2,5
27402,5,5
11828,1,1
15741,2,1
18819,2,2
24099,4,0
4962,0,0
22205,3,1
651,0,0
17528,2,2
5511,0,0
16636,2,0
30001,6,1
25248,4,0
715,0,0
30467,6,3
8105,0,0
25816,4,2
15060,2,2
22758,3,3
29225,6,6
19030,3,3
13875,1,1
11014,1,1
12689,1,1
30550,6,6
20946,3,3
7427,0,0
23614,3,3
29312,6,0
3113,0,0
1448,0,0
22644,3,1
13961,1,1
31343,6,6
16215,2,1
401,0,0
31397,6,2
25226,4,2
10861,1,1
718,0,0
28284,5,5
31021,6,6
23859,3,3
30812,6,6
8696,1,1
27414,5,5
13102,1,1
6830,0,0
6620,0,0
27907,5,0
13332,1,2
29477,6,6
9607,1,1
10575,1,1
11160,1,1
31448,6,6
31476,6,1
29655,6,3
31265,6,2
13295,1,1
11081,1,1
4032,0,0
17746,2,1
24891,4,4
6268,0,0
29379,6,3
30696,6,0
20041,3,3
19980,3,3
3488,0,2
30831,6,3
20300,3,2
24120,4,2
6308,0,0
6316,0,0
25841,5,0
5135,0,0
15737,2,2
9159,1,1
26633,5,5
16936,2,3
27785,5,5
14488,2,3
24184,4,2
18415,2,2
7997,0,0
7882,0,0
6081,0,0
11216,1,1
11770,1,1
29747,6,3
17828,2,2
16097,2,1
21841,3,3
27071,5,5
23718,3,3
13610,1,1
19376,3,1
26642,5,0
9389,1,1
16089,2,2
25463,4,1
13151,1,3
8354,1,1
13719,1,1
25699,4,3
20703,3,3
19083,3,3
9165,1,1
25946,5,5
7757,0,0
1510,0,0
24030,3,3
9997,1,1
13044,1,1
6760,0,0
2119,0,0
6223,0,0
7748,0,0
4771,0,0
12358,1,1
25705,4,3
14413,2,2
18712,2,2
4970,0,0
21941,3,3
7080,0,0
7049,0,0
8873,1,1
13355,1,1
24414,4,0
29585,6,6
24156,4,2
7908,0,0
20402,3,3
9073,1,1
16904,2,2
5222,0,1
5746,0,0
199,0,0
464,0,0
5875,0,0
22193,3,3
8331,1,1
25520,4,3
7934,0,5
14736,2,2
1337,0,0
13848,1,1
25259,4,4
4408,0,0
19044,3,3
21693,3,3
2950,0,0
4706,0,0
3315,0,0
21040,3,0
9841,1,1
4186,0,0
3799,0,0
10444,1,1
13963,1,1
18572,2,2
21850,3,3
20374,3,0
22969,3,3
11990,1,1
24371,4,1
10958,1,1
28698,5,5
346,0,0
1945,0,0
11013,1,3
8121,0,0
16098,2,0
23008,3,3
17708,2,2
23089,3,3
14202,1,1
20292,3,3
18534,2,2
25979,5,5
10311,1,1
18759,2,2
8454,1,1
5337,0,0
5157,0,0
9771,1,1
10408,1,1
8958,1,1
22935,3,3
14242,1,1
1414,0,0
24263,4,4
18901,2,2
8544,1,1
19351,3,3
24208,4,3
16041,2,3
15496,2,2
4540,0,0
14170,1,1
12407,1,1
11605,1,1
23405,3,1
23257,3,3
144,0,0
12085,1,1
7721,0,0
2004,0,0
23348,3,3
29525,6,1
1050,0,0
26250,5,5
28047,5,5
8807,1,1
27982,5,5
4641,0,0
1512,0,0
22296,3,3
24715,4,5
1045,0,0
29498,6,6
11416,1,1
11941,1,3
23523,3,3
24822,4,1
19175,3,2
29403,6,6
3064,0,0
21935,3,3
5026,0,0
21408,3,3
14454,2,2
1818,0,0
15084,2,2
14944,2,3
8628,1,1
27579,5,0
21403,3,3
19024,3,3
8511,1,1
27047,5,5
22228,3,3
14458,2,2
6887,0,0
27970,5,0
24038,3,3
12169,1,1
7302,0,0
6462,0,0
11915,1,1
18159,2,2
7792,0,0
4115,0,0
18355,2,1
23684,3,3
5799,0,0
9100,1,1
13720,1,1
14128,1,1
10645,1,1
4890,0,0
15178,2,5
9683,1,1
9329,1,1
5623,0,0
22107,3,3
21519,3,3
27316,5,5
27007,5,0
18208,2,2
22291,3,6
11686,1,1
24862,4,3
6904,0,0
28810,5,5
4219,0,0
20994,3,3
5685,0,0
18479,2,2
19504,3,3
29239,6,3
4037,0,0
29561,6,1
27627,5,0
17620,2,2
7109,0,0
18720,2,1
25670,4,2
18198,2,2
17877,2,2
29619,6,6
29586,6,1
20656,3,3
1771,0,0
12301,1,1
7579,0,0
7379,0,0
12715,1,1
2136,0,0
28429,5,0
24433,4,0
25070,4,0
24273,4,1
14071,1,1
14975,2,5
16443,2,2
11376,1,1
10788,1,1
5187,0,0
14829,2,2
14936,2,2
26168,5,5
28809,5,5
8047,0,0
26842,5,2
9242,1,1
10133,1,1
261,0,0
20334,3,3
17637,2,2
11500,1,1
30391,6,6
6631,0,0
28496,5,5
12639,1,1
24084,4,0
4955,0,0
28459,5,5
14003,1,1
656,0,0
29557,6,0
20983,3,3
15405,2,2
31310,6,3
16141,2,2
17903,2,2
5814,0,0
15554,2,1
16062,2,2
28754,5,0
15286,2,2
3532,0,0
8960,1,1
1444,0,0
4404,0,0
2901,0,0
5553,0,0
4273,0,0
6280,0,0
12027,1,1
24040,3,1
21050,3,3
15143,2,3
3128,0,0
3634,0,0
29093,6,3
29931,6,3
28437,5,5
2334,0,0
1489,0,0
26546,5,0
10149,1,1
16797,2,2
1851,0,0
20202,3,3
1366,0,0
19338,3,3
23192,3,3
20546,3,3
22937,3,3
8596,1,2
13514,1,1
11815,1,1
8952,1,1
6634,0,0
8340,1,1
28824,5,5
11178,1,3
367,0,0
11456,1,1
23839,3,3
7113,0,0
10941,1,1
26889,5,5
127,0,0
21391,3,3
11611,1,1
24675,4,4
16518,2,1
20574,3,3
12939,1,1
456,0,0
8299,1,1
9674,1,1
12157,1,1
1805,0,0
8145,1,1
16948,2,1
4968,0,0
10569,1,1
3162,0,0
3498,0,0
19340,3,0
29420,6,6
6863,0,0
31028,6,1
19637,3,3
12657,1,1
6933,0,0
24206,4,4
15809,2,2
6526,0,0
19845,3,3
19837,3,3
27844,5,2
18303,2,0
21915,3,3
20295,3,3
31060,6,3
20684,3,3
16917,2,1
14338,2,3
17816,2,3
18528,2,3
536,0,0
10949,1,1
29220,6,0
3778,0,0
14383,2,2
23837,3,3
6535,0,0
26057,5,5
11378,1,1
29785,6,6
15468,2,3
24318,4,3
15264,2,1
16214,2,6
18726,2,2
985,0,0
22563,3,3
11320,1,1
14584,2,2
7525,0,0
28806,5,5
31359,6,3
2566,0,0
22348,3,3
25854,5,5
7422,0,0
26591,5,5
7685,0,0
21947,3,3
27639,5,0
7085,0,0
2851,0,0
17366,2,1
14722,2,1
28516,5,5
13398,1,3
219,0,0
15526,2,2
24883,4,0
16332,2,2
28174,5,2
3483,0,0
27281,5,5
15435,2,2
4638,0,0
16426,2,2
2641,0,0
22053,3,3
12425,1,1
7405,0,0
13298,1,1
25976,5,0
4125,0,0
24019,3,3
9426,1,1
28197,5,5
12800,1,1
7922,0,0
2463,0,0
17681,2,2
26418,5,5
14957,2,2
28576,5,5
28121,5,0
11237,1,1
17299,2,2
15940,2,0
24065,3,3
30217,6,3
21317,3,3
12375,1,1
10059,1,1
14361,2,2
7071,0,0
18701,2,2
24086,4,2
7231,0,0
7836,0,0
5500,0,0
1741,0,0
17792,2,2
9006,1,1
24125,4,1
25097,4,4
12725,1,1
25760,4,4
2583,0,0
29788,6,1
31046,6,1
22127,3,3
26741,5,5
17759,2,2
3971,0,0
16071,2,2
5464,0,0
20782,3,3
2684,0,0
12736,1,3
12010,1,1
27441,5,5
16561,2,2
6821,0,0
18973,3,3
13759,1,1
29559,6,0
28826,5,0
19013,3,3
13872,1,1
2582,0,0
2724,0,0
11021,1,1
26817,5,5
14469,2,2
23159,3,3
12255,1,1
3334,0,0
18087,2,2
14959,2,1
23473,3,3
2171,0,0
24771,4,4
22093,3,3
12947,1,3
30964,6,1
9090,1,1
13132,1,1
8889,1,1
19432,3,3
8870,1,1
18686,2,2
17646,2,2
20553,3,3
7690,0,0
24679,4,4
26089,5,5
4969,0,0
29179,6,6
20220,3,1
16083,2,0
13692,1,1
14991,2,2
5260,0,0
11778,1,1
2579,0,0
5218,0,0
12690,1,1
7495,0,0
22377,3,3
14581,2,3
7161,0,0
12778,1,1
20571,3,3
7793,0,0
4639,0,0
30039,6,3
27067,5,5
291,0,0
10373,1,1
27303,5,5
2085,0,0
27710,5,5
17104,2,2
29224,6,1
6253,0,0
12965,1,1
13415,1,1
9000,1,1
25176,4,3
1553,0,0
1765,0,0
13228,1,1
6909,0,0
21444,3,3
5160,0,0
4303,0,0
7755,0,0
15811,2,1
3740,0,0
5148,0,0
15423,2,2
5100,0,0
24666,4,0
30968,6,6
4104,0,0
8763,1,1
10630,1,1
8101,0,0
2797,0,0
12520,1,1
29920,6,6
23090,3,3
14095,1,1
741,0,0
11766,1,1
28268,5,5
2549,0,0
21784,3,3
27381,5,0
15375,2,2
4286,0,0
2496,0,0
5407,0,0
22072,3,3
11402,1,1
13540,1,1
6377,0,0
4438,0,0
11511,1,1
11846,1,1
1827,0,0
640,0,0
26742,5,0
25669,4,2
31560,6,6
27155,5,5
25015,4,1
953,0,0
21117,3,3
26619,5,5
30321,6,3
30838,6,0
7602,0,0
5953,0,0
27118,5,5
12550,1,1
31304,6,6
18473,2,2
9363,1,1
4040,0,0
3566,0,0
19057,3,3
15819,2,2
1202,0,0
10951,1,1
13195,1,1
15869,2,2
26625,5,5
24774,4,0
16379,2,1
1322,0,0
10305,1,1
8188,1,1
6164,0,0
4391,0,0
17734,2,2
23079,3,3
3211,0,0
12968,1,1
3308,0,0
11808,1,1
27726,5,5
26106,5,5
27877,5,5
16758,2,2
19536,3,3
26807,5,5
14156,1,1
20732,3,1
9250,1,1
14664,2,2
26401,5,5
24435,4,3
6824,0,0
27938,5,5
28879,5,0
25491,4,3
7751,0,0
18929,2,2
16938,2,3
14223,1,1
24304,4,4
2221,0,0
29839,6,3
9989,1,1
25543,4,1
18363,2,2
14711,2,2
23350,3,3
2687,0,0
512,0,0
25158,4,4
12422,1,1
1901,0,0
20019,3,3
26477,5,5
12406,1,1
4072,0,3
30146,6,2
30624,6,3
6502,0,0
31509,6,6
14185,1,1
21968,3,3
20882,3,3
19303,3,3
17762,2,2
15133,2,2
14078,1,1
13764,1,1
4480,0,0
18659,2,2
3979,0,0
6003,0,0
26975,5,5
27770,5,2
22246,3,3
9375,1,1
2955,0,0
25786,4,0
13658,1,5
16586,2,1
5225,0,0
18779,2,2
230,0,0
14251,1,1
26883,5,0
20141,3,0
5987,0,0
4913,0,0
14625,2,2
2762,0,0
24659,4,2
23212,3,3
9022,1,1
29258,6,1
10769,1,1
22375,3,5
5673,0,0
18008,2,2
22605,3,3
8650,1,1
25358,4,2
10714,1,1
28545,5,2
16536,2,2
22036,3,6
16420,2,2
20816,3,3
7725,0,2
28562,5,5
1336,0,0
6868,0,0
7303,0,0
1470,0,0
16664,2,2
21964,3,3
1642,0,0
23264,3,3
19148,3,3
3494,0,0
4320,0,3
2362,0,0
14012,1,3
13995,1,1
28371,5,5
14189,1,1
2133,0,0
24189,4,2
11107,1,1
10879,1,1
19113,3,3
29794,6,3
2088,0,0
21422,3,3
1873,0,0
21311,3,3
12539,1,1
2485,0,0
20226,3,3
17688,2,2
299,0,0
30156,6,0
17564,2,0
26516,5,5
14718,2,2
23728,3,3
11195,1,1
22065,3,3
4178,0,1
19928,3,3
29547,6,6
8317,1,1
29927,6,2
28332,5,5
4484,0,0
26688,5,5
28680,5,5
27467,5,2
15035,2,2
13372,1,3
3482,0,0
4977,0,0
11866,1,1
7722,0,0
752,0,0
17668,2,2
16007,2,2
20697,3,0
24756,4,4
26906,5,5
3548,0,0
20685,3,3
5186,0,0
16367,2,2
27669,5,0
27741,5,5
1147,0,0
11073,1,1
8292,1,1
22071,3,3
19246,3,3
8494,1,1
18318,2,2
15296,2,0
30505,6,6
11827,1,1
23233,3,3
21696,3,3
15672,2,0
14066,1,1
10980,1,1
23787,3,3
21196,3,1
9147,1,1
11955,1,1
26961,5,5
6434,0,0
26110,5,5
17170,2,2
14265,1,1
20332,3,3
7317,0,0
25124,4,0
26449,5,5
19825,3,3
17566,2,2
30914,6,0
3711,0,0
15637,2,2
6354,0,0
29998,6,6
4322,0,0
14560,2,1
30814,6,3
14059,1,1
3284,0,0
6072,0,0
20100,3,3
3658,0,0
6455,0,0
30271,6,3
17227,2,2
28994,6,6
8634,1,1
25919,5,5
20999,3,3
10597,1,1
9960,1,1
8255,1,1
21436,3,3
10352,1,1
19592,3,3
9003,1,2
11570,1,1
29605,6,3
15258,2,1
8846,1,1
9112,1,1
1947,0,0
28600,5,5
4978,0,0
7092,0,0
7451,0,0
27448,5,1
1612,0,0
27380,5,0
22989,3,3
24623,4,4
18614,2,2
19237,3,3
21331,3,3
1026,0,0
17394,2,2
20123,3,3
31432,6,6
4265,0,0
16643,2,2
25452,4,4
19064,3,2
28983,6,3
22905,3,3
24313,4,4
35,0,0
1730,0,0
26463,5,0
25088,4,4
1471,0,0
25897,5,0
12525,1,1
16763,2,2
26714,5,1
26600,5,5
1422,0,0
5570,0,0
13037,1,1
2055,0,0
28126,5,0
19248,3,3
24992,4,4
22509,3,3
15085,2,2
25509,4,4
29458,6,6
14867,2,1
16425,2,2
5386,0,0
29133,6,3
5915,0,0
14053,1,1
12858,1,1
5068,0,0
30141,6,5
25483,4,1
1393,0,0
31167,6,6
382,0,0
3169,0,0
29650,6,6
5604,0,0
13387,1,1
12730,1,1
9648,1,1
22426,3,3
14992,2,2
28106,5,5
9098,1,1
28828,5,2
30239,6,6
802,0,0
31099,6,6
13118,1,1
22277,3,3
16022,2,2
31251,6,2
21176,3,3
9642,1,1
25578,4,0
19350,3,3
15709,2,2
13726,1,1
6753,0,0
3831,0,0
6742,0,0
2595,0,0
3635,0,0
4903,0,0
20203,3,3
29162,6,6
10809,1,1
8692,1,1
2408,0,0
26193,5,0
12933,1,1
11398,1,1
12368,1,1
23754,3,3
10241,1,1
15633,2,2
29631,6,3
23535,3,0
5786,0,0
13577,1,1
20453,3,3
5210,0,0
16674,2,2
18162,2,2
5115,0,0
20352,3,3
21098,3,3
13483,1,1
8505,1,1
4147,0,0
10919,1,1
8643,1,1
23273,3,3
2703,0,0
5706,0,0
11321,1,1
17477,2,2
11097,1,1
7306,0,0
10324,1,1
2752,0,0
6111,0,0
13090,1,1
3885,0,0
26927,5,5
1666,0,0
7785,0,0
15273,2,3
4580,0,0
29186,6,3
30295,6,3
8324,1,1
3270,0,0
14827,2,0
14807,2,2
23962,3,3
19186,3,3
14321,2,2
29871,6,3
18114,2,2
18943,2,2
17034,2,3
19499,3,3
25210,4,1
30091,6,6
10263,1,1
10009,1,1
27102,5,5
9162,1,1
23174,3,3
27577,5,0
6151,0,0
18516,2,2
23015,3,1
16976,2,3
24909,4,3
12252,1,1
25614,4,3
5749,0,0
4832,0,0
19684,3,3
283,0,0
21957,3,0
18834,2,2
2250,0,0
2259,0,0
3451,0,0
21032,3,3
24563,4,4
8471,1,1
20569,3,3
21641,3,3
15400,2,2
11622,1,1
27327,5,5
30370,6,0
25276,4,3
9994,1,1
8005,0,0
3702,0,0
21786,3,0
7445,0,0
18075,2,0
21944,3,3
18998,3,6
10560,1,1
9091,1,1
31022,6,3
16054,2,2
28333,5,5
20507,3,0
2316,0,0
30606,6,1
26459,5,5
30456,6,2
7104,0,0
14773,2,2
18993,3,3
30825,6,0
26686,5,0
17287,2,2
15293,2,2
5164,0,0
3329,0,0
23334,3,3
18674,2,0
4140,0,0
30498,6,3
11674,1,1
10577,1,1
11309,1,1
28222,5,5
26898,5,5
16870,2,2
26353,5,6
26197,5,5
8426,1,1
30179,6,1
13517,1,1
24723,4,4
8729,1,1
28530,5,0
12302,1,1
20363,3,3
18957,2,2
28072,5,5
13745,1,1
14339,2,2
19349,3,3
25883,5,5
20255,3,3
25659,4,4
13325,1,1
27531,5,5
23955,3,3
9538,1,1
1179,0,0
19618,3,3
13244,1,1
30588,6,0
21653,3,3
25352,4,4
9396,1,1
28230,5,5
19602,3,3
28896,5,0
26782,5,0
30987,6,1
24979,4,0
8735,1,1
25948,5,0
9253,1,1
1121,0,0
28278,5,5
959,0,0
10299,1,1
6126,0,0
5954,0,0
5803,0,0
13552,1,1
6899,0,0
9811,1,1
21449,3,1
24898,4,3
28266,5,0
29699,6,6
8986,1,1
28172,5,5
1163,0,0
1175,0,0
13952,1,1
5107,0,0
10772,1,1
13396,1,1
12708,1,1
9826,1,1
2277,0,0
15951,2,2
26407,5,5
7713,0,0
6067,0,0
22216,3,3
28167,5,5
17891,2,1
8992,1,3
22749,3,3
147,0,0
24865,4,2
21742,3,3
29144,6,3
6494,0,0
20201,3,1
5042,0,0
43,0,0
9378,1,1
23829,3,3
7514,0,0
12499,1,1
20038,3,3
31336,6,6
29630,6,1
20499,3,3
11288,1,1
31045,6,3
24457,4,4
11838,1,1
19549,3,3
3316,0,0
3840,0,0
21629,3,3
19754,3,2
10094,1,1
8085,0,0
7339,0,0
22527,3,3
3939,0,0
26773,5,5
11717,1,1
12051,1,4
17574,2,1
10883,1,1
12092,1,1
3595,0,0
2694,0,0
3210,0,0
13084,1,1
25615,4,6
7375,0,0
11497,1,2
24201,4,4
11335,1,1
24804,4,3
14725,2,2
25137,4,4
11578,1,1
20928,3,3
26674,5,0
13837,1,1
2445,0,0
17512,2,2
20762,3,3
30131,6,6
4972,0,0
8082,0,0
17497,2,2
3102,0,0
11235,1,1
30128,6,3
27592,5,5
14576,2,2
19010,3,3
20552,3,3
23050,3,3
24730,4,3
24754,4,4
6879,0,0
21624,3,3
20506,3,3
24372,4,4
26126,5,5
24093,4,3
20111,3,3
3426,0,0
4501,0,0
26555,5,0
15145,2,1
25102,4,2
16783,2,2
616,0,0
6478,0,0
27734,5,5
5098,0,0
25306,4,3
23502,3,3
6424,0,0
29250,6,6
18846,2,2
16189,2,2
5742,0,0
9089,1,1
7671,0,0
26931,5,5
10826,1,0
20427,3,3
18682,2,2
4634,0,0
18145,2,2
28452,5,3
6977,0,2
22975,3,3
21521,3,2
26095,5,3
23208,3,2
16734,2,2
22557,3,3
1323,0,0
17269,2,2
21138,3,3
8910,1,1
30020,6,1
20604,3,3
21418,3,3
5384,0,0
25116,4,2
19976,3,2
503,0,0
23329,3,3
14096,1,1
13889,1,1
26429,5,5
17836,2,2
9099,1,1
17328,2,1
29188,6,3
19339,3,3
22735,3,0
29019,6,6
10365,1,1
13985,1,0
12795,1,1
20348,3,3
29577,6,3
18423,2,2
14720,2,2
29214,6,2
5554,0,0
14085,1,1
22960,3,3
6562,0,0
2333,0,0
14299,2,2
19031,3,3
25434,4,2
20812,3,3
17980,2,2
23404,3,3
30402,6,3
1603,0,0
24761,4,1
16153,2,2
19373,3,3
18829,2,2
30856,6,2
27524,5,2
26637,5,5
22583,3,3
4525,0,0
17744,2,1
12735,1,1
31151,6,6
27304,5,5
1033,0,0
20419,3,3
9565,1,1
31398,6,0
24925,4,0
9621,1,1
17595,2,0
30682,6,3
13011,1,1
5838,0,0
3844,0,0
3653,0,0
10381,1,1
29642,6,1
10397,1,1
13501,1,1
18933,2,2
21581,3,3
19219,3,3
27487,5,5
24580,4,0
25583,4,3
28134,5,3
12056,1,1
1056,0,0
12698,1,1
21605,3,3
13857,1,1
1183,0,0
907,0,0
30579,6,3
30174,6,2
28451,5,2
27498,5,5
1347,0,0
15204,2,2
16897,2,2
20586,3,3
3101,0,0
26675,5,5
263,0,0
18521,2,2
23572,3,3
20542,3,3
30143,6,2
17237,2,2
27062,5,0
30561,6,6
22280,3,3
30138,6,1
23136,3,3
22921,3,3
10405,1,1
4351,0,0
21803,3,6
150,0,0
3229,0,0
19525,3,3
14129,1,1
5466,0,0
8765,1,1
26844,5,5
21056,3,3
6309,0,0
23601,3,3
6237,0,0
17852,2,2
15192,2,0
26363,5,5
4336,0,0
27683,5,5
19578,3,3
26218,5,5
14875,2,2
16185,2,2
20406,3,3
5477,0,0
30308,6,3
4253,0,0
17001,2,2
27070,5,0
16466,2,2
12469,1,1
8238,1,1
10761,1,1
24049,3,3
24278,4,3
16345,2,3
16066,2,2
26124,5,5
11661,1,1
21155,3,3
11044,1,1
31344,6,3
22182,3,3
8225,1,1
15609,2,0
25400,4,0
20475,3,3
19818,3,3
6000,0,0
7223,0,0
18513,2,2
16308,2,1
25487,4,4
2815,0,0
29437,6,1
20305,3,3
6020,0,0
10926,1,3
315,0,0
21394,3,3
14006,1,1
1915,0,0
9267,1,1
7090,0,0
23738,3,1
14786,2,2
8868,1,1
9451,1,1
22688,3,3
29042,6,4
27354,5,5
24657,4,4
30794,6,3
11804,1,1
7091,0,0
5382,0,0
19076,3,3
10098,1,1
2117,0,0
11585,1,1
2813,0,0
17436,2,1
10322,1,1
24110,4,3
10385,1,1
12590,1,1
290,0,0
16444,2,2
24763,4,3
15241,2,1
5196,0,0
9838,1,1
21424,3,3
24794,4,0
31493,6,6
2214,0,0
28450,5,5
23342,3,0
18220,2,0
12909,1,1
24590,4,1
875,0,0
6492,0,0
3993,0,0
10443,1,3
26234,5,0
820,0,0
24815,4,2
18941,2,0
10016,1,1
5383,0,0
30777,6,6
19735,3,3
12053,1,1
6428,0,0
27280,5,5
2588,0,0
13115,1,1
12830,1,1
14800,2,2
28624,5,2
11359,1,1
11028,1,1
10480,1,1
26191,5,0
1729,0,0
30475,6,6
24152,4,4
6803,0,0
31210,6,6
1387,0,0
8665,1,1
13271,1,1
29483,6,3
2375,0,0
28667,5,5
1133,0,0
27252,5,0
19575,3,5
31305,6,6
2592,0,0
31326,6,1
14273,1,1
30892,6,0
30339,6,3
23623,3,3
2300,0,0
25012,4,0
22362,3,3
5556,0,0
28536,5,0
8976,1,1
9544,1,1
26112,5,0
11146,1,1
11574,1,1
23011,3,3
26076,5,5
349,0,0
28064,5,5
15521,2,2
13706,1,1
2501,0,0
2309,0,0
20042,3,3
8341,1,1
28311,5,0
18068,2,2
25257,4,0
8241,1,1
24997,4,4
11940,1,1
7277,0,0
167,0,0
18960,2,2
12332,1,1
27378,5,1
10859,1,1
30393,6,6
1644,0,0
16085,2,2
2414,0,0
17411,2,2
15912,2,2
22132,3,3
3612,0,0
12152,1,1
26038,5,5
14937,2,2
6489,0,0
8604,1,2
2760,0,0
6744,0,0
19401,3,3
7552,0,0
26367,5,5
3503,0,0
247,0,0
9952,1,1
27334,5,0
6480,0,0
10689,1,1
18503,2,2
450,0,0
487,0,0
18909,2,2
28107,5,5
28726,5,5
10574,1,1
10688,1,1
14978,2,2
17426,2,2
8197,1,1
9559,1,1
20086,3,3
15239,2,2
18317,2,1
8227,1,1
25136,4,3
11753,1,1
5601,0,0
1063,0,0
15249,2,2
19100,3,3
7191,0,0
27174,5,0
1114,0,0
9423,1,1
23121,3,3
25545,4,1
29854,6,3
27553,5,5
13925,1,1
12709,1,1
3001,0,0
15363,2,2
10430,1,1
13053,1,1
15105,2,1
4546,0,0
11897,1,1
28273,5,5
24331,4,0
1662,0,0
18578,2,2
791,0,0
30223,6,1
19780,3,3
28083,5,5
23826,3,3
19182,3,1
22343,3,3
27910,5,5
29088,6,3
16629,2,1
22310,3,3
5535,0,0
11869,1,1
25066,4,4
21144,3,3
10719,1,1
21373,3,3
21488,3,6
11313,1,1
10784,1,1
24877,4,2
3197,0,0
4479,0,0
21278,3,3
27841,5,5
11568,1,1
27018,5,0
7499,0,0
14313,2,3
28633,5,5
26296,5,5
4602,0,0
10368,1,1
28207,5,0
6906,0,0
1371,0,0
15176,2,2
18176,2,2
31030,6,6
1106,0,0
21860,3,3
16073,2,2
4026,0,0
10993,1,1
23917,3,3
28118,5,2
27566,5,0
720,0,0
17404,2,2
30274,6,3
4720,0,1
8231,1,1
16372,2,2
13008,1,1
22923,3,3
7747,0,0
4605,0,0
7840,0,0
6419,0,0
28870,5,5
1086,0,0
16747,2,2
14833,2,2
25144,4,1
19639,3,3
8358,1,1
19786,3,3
17505,2,0
2332,0,0
15800,2,2
12868,1,1
9051,1,1
7650,0,0
29450,6,3
8300,1,1
27995,5,5
15895,2,2
27076,5,5
29011,6,6
29665,6,3
20048,3,5
2145,0,0
17538,2,2
8993,1,1
9440,1,1
14163,1,1
25489,4,0
24248,4,3
14048,1,1
29228,6,2
11420,1,1
12088,1,1
1311,0,0
19234,3,3
12093,1,1
25693,4,4
29685,6,6
3608,0,0
18893,2,1
5715,0,0
23900,3,3
8477,1,2
4375,0,0
30068,6,3
4128,0,0
13469,1,1
23056,3,6
2639,0,0
4036,0,0
12073,1,1
23575,3,2
25596,4,4
13681,1,3
6813,0,0
9183,1,1
26781,5,0
3035,0,0
601,0,0
16162,2,2
21468,3,3
14303,2,2
27538,5,5
18121,2,2
26070,5,2
14395,2,2
7033,0,0
15736,2,2
1916,0,0
409,0,0
23800,3,3
23032,3,3
3827,0,0
3350,0,0
21509,3,6
4152,0,0
21299,3,3
17728,2,2
28103,5,5
26100,5,0
24324,4,0
18223,2,2
25542,4,2
15533,2,2
8487,1,1
25327,4,0
25105,4,4
29275,6,3
221,0,0
24960,4,4
1107,0,0
20399,3,3
24060,3,0
6835,0,0
18865,2,2
5880,0,0
24772,4,4
14004,1,1
22016,3,2
380,0,0
21305,3,3
18438,2,3
649,0,0
13077,1,1
18775,2,2
13205,1,1
24674,4,0
21887,3,1
1822,0,0
28827,5,0
14750,2,2
21660,3,3
26434,5,0
23375,3,3
22222,3,3
2152,0,0
19471,3,3
17469,2,2
13048,1,1
607,0,0
30995,6,3
15000,2,2
19685,3,3
3589,0,0
9212,1,1
14945,2,3
5388,0,0
15573,2,0
14832,2,2
8136,0,0
26152,5,5
25009,4,0
25641,4,4
21697,3,6
10134,1,1
21741,3,3
17549,2,2
25962,5,5
17795,2,1
28237,5,5
3421,0,0
5548,0,0
11527,1,1
29865,6,6
5449,0,0
15130,2,2
7508,0,0
4252,0,0
14498,2,2
22247,3,3
24494,4,4
2862,0,0
27279,5,1
19258,3,3
23615,3,3
27847,5,5
20444,3,3
24165,4,1
28571,5,6
6290,0,0
23876,3,3
7249,0,0
8485,1,1
15002,2,1
28448,5,5
16354,2,2
5455,0,0
26970,5,5
22482,3,3
21882,3,3
29089,6,1
30458,6,3
327,0,0
231,0,0
3272,0,0
6332,0,0
27437,5,5
6108,0,0
26055,5,0
10018,1,1
23861,3,3
19695,3,3
27793,5,5
23129,3,3
75,0,0
15694,2,0
19687,3,1
26608,5,5
1108,0,0
23877,3,3
27254,5,5
2209,0,0
12769,1,1
9027,1,5
2386,0,0
20907,3,1
748,0,0
9728,1,1
23430,3,3
4825,0,0
11792,1,1
23920,3,3
1261,0,0
2359,0,0
1599,0,0
21297,3,3
476,0,0
15242,2,1
23707,3,3
31382,6,3
16761,2,1
4048,0,0
21815,3,3
30280,6,3
23916,3,3
31502,6,0
259,0,0
29387,6,0
26728,5,0
23668,3,3
26195,5,5
5045,0,0
20261,3,3
31070,6,3
6014,0,0
3537,0,0
21766,3,3
13553,1,1
29358,6,2
17781,2,2
24699,4,2
18915,2,3
27994,5,0
31257,6,3
2701,0,0
22560,3,3
28411,5,5
14476,2,2
4455,0,0
31216,6,6
17969,2,2
7070,0,0
16477,2,3
19649,3,3
10030,1,1
8157,1,1
21822,3,3
18457,2,2
8206,1,1
29191,6,3
9792,1,1
12365,1,1
20717,3,3
13941,1,1
10203,1,1
2619,0,0
3504,0,0
23836,3,3
14236,1,1
20851,3,3
14751,2,3
28999,6,1
1796,0,0
13914,1,1
29941,6,6
20165,3,3
17711,2,2
29435,6,3
7891,0,0
27296,5,0
11836,1,1
31416,6,6
4685,0,0
22816,3,3
11822,1,1
27405,5,3
9992,1,1
6612,0,0
4097,0,0
19485,3,3
31044,6,6
22465,3,3
18098,2,3
2740,0,0
14726,2,2
10282,1,1
5883,0,0
15648,2,2
27974,5,5
15283,2,0
26991,5,0
13740,1,1
26269,5,5
10054,1,1
8801,1,1
30352,6,6
23437,3,3
11775,1,1
8051,0,0
5707,0,0
27711,5,5
6186,0,0
29056,6,2
21149,3,3
7012,0,0
9579,1,2
28170,5,2
2864,0,0
28206,5,3
26483,5,5
10519,1,1
31056,6,3
6087,0,0
5496,0,0
31123,6,2
25023,4,2
15171,2,2
12535,1,1
3988,0,1
21875,3,3
2350,0,0
14835,2,2
31441,6,3
5512,0,0
14640,2,2
29696,6,1
10562,1,1
14624,2,0
5214,0,0
24522,4,2
8589,1,1
19861,3,3
25746,4,4
22046,3,3
21078,3,6
4003,0,0
10366,1,0
3002,0,0
19875,3,3
22148,3,3
734,0,0
31212,6,6
17268,2,5
29800,6,6
17444,2,2
6925,0,0
25190,4,2
4843,0,0
26542,5,5
17659,2,2
23506,3,3
12104,1,1
15430,2,2
20007,3,3
10917,1,1
4785,0,0
28269,5,5
18600,2,2
25579,4,2
14428,2,1
19455,3,1
11474,1,1
17581,2,2
28644,5,0
4471,0,0
8196,1,1
7768,0,0
14911,2,2
7609,0,0
26796,5,5
22959,3,3
31540,6,6
26323,5,5
10191,1,1
1580,0,0
27861,5,5
1911,0,0
28127,5,0
91,0,0
14513,2,3
20502,3,3
188,0,0
10994,1,1
10660,1,1
7406,0,0
22750,3,3
18374,2,5
6128,0,0
19343,3,3
21257,3,3
321,0,0
11448,1,1
14759,2,2
31033,6,6
4740,0,0
28993,6,6
4291,0,0
16820,2,2
22153,3,3
15910,2,2
5533,0,0
194,0,0
9698,1,1
2830,0,0
6379,0,0
19378,3,3
19260,3,3
2516,0,0
25901,5,5
10790,1,1
8866,1,1
22351,3,3
3930,0,0
24639,4,2
756,0,0
12745,1,1
24493,4,2
14747,2,2
11387,1,1
14105,1,1
8319,1,1
16808,2,2
16228,2,2
16926,2,2
1747,0,0
6404,0,0
13538,1,1
25961,5,2
1052,0,0
16726,2,2
18086,2,2
14533,2,1
2444,0,0
5339,0,0
23351,3,3
16875,2,1
12347,1,1
24673,4,4
27445,5,5
11858,1,1
16166,2,2
9779,1,1
15684,2,3
18853,2,2
30896,6,3
17440,2,2
10835,1,1
28098,5,5
4793,0,0
21763,3,3
27612,5,5
1349,0,0
30230,6,2
4730,0,0
7438,0,0
17384,2,2
25319,4,0
5711,0,0
18685,2,2
15427,2,0
14410,2,3
12113,1,1
3753,0,0
9598,1,1
895,0,0
6035,0,0
10968,1,1
11129,1,1
3274,0,0
1808,0,0
25094,4,4
31246,6,2
19352,3,3
4814,0,0
20593,3,3
4416,0,0
21780,3,3
24811,4,0
8442,1,1
21722,3,3
265,0,0
25436,4,0
15440,2,2
23720,3,3
24200,4,2
6029,0,0
2937,0,0
19659,3,3
6395,0,0
20970,3,0
28416,5,5
6662,0,0
11099,1,1
31355,6,3
19828,3,3
12257,1,1
26220,5,3
27198,5,5
2091,0,0
30468,6,6
3884,0,0
11550,1,1
24872,4,3
11806,1,1
28081,5,5
1829,0,0
2769,0,0
6399,0,0
16435,2,2
25418,4,4
5505,0,0
16174,2,2
23536,3,3
19286,3,3
16286,2,0
12756,1,1
16224,2,2
9401,1,1
29482,6,0
29897,6,3
25986,5,0
17554,2,2
31436,6,3
9418,1,1
22154,3,0
21285,3,1
14971,2,5
7932,0,0
15164,2,2
965,0,0
10231,1,1
27242,5,5
23682,3,3
29465,6,2
29680,6,3
1065,0,0
8917,1,1
15306,2,3
24701,4,1
26550,5,5
24124,4,3
12017,1,1
15159,2,2
15665,2,0
4952,0,0
22416,3,3
16181,2,2
22225,3,5
15391,2,2
21715,3,3
7536,0,1
3082,0,0
31183,6,3
28012,5,5
1592,0,0
8237,1,1
25407,4,3
6726,0,0
7627,0,0
17,0,0
5712,0,0
20853,3,6
30441,6,3
22137,3,3
12959,1,1
19961,3,3
21450,3,3
15209,2,0
27228,5,5
16144,2,3
2435,0,0
14656,2,2
25788,4,4
13630,1,1
25386,4,3
5163,0,0
18704,2,2
15170,2,2
10122,1,1
1493,0,0
2008,0,0
20888,3,3
12887,1,1
23458,3,3
6503,0,0
11727,1,1
11591,1,1
6120,0,0
12885,1,1
26454,5,5
15498,2,2
2269,0,0
10042,1,1
8639,1,1
23784,3,3
1801,0,0
11551,1,1
6463,0,0
9358,1,1
6948,0,0
22609,3,0
15621,2,2
8857,1,1
19318,3,3
27611,5,5
18493,2,0
1303,0,0
22214,3,5
11131,1,1
13741,1,1
22657,3,3
2734,0,0
12821,1,1
16146,2,3
9672,1,1
11746,1,1
2546,0,0
6366,0,0
22572,3,3
19269,3,3
7924,0,0
7759,0,0
4560,0,0
2195,0,0
8278,1,1
11711,1,1
1703,0,0
9737,1,1
19651,3,3
1290,0,0
27263,5,5
30009,6,6
17876,2,2
26965,5,5
8824,1,1
28235,5,5
22237,3,3
5393,0,0
9880,1,1
4678,0,0
14061,1,1
25262,4,4
14487,2,2
10497,1,1
5252,0,0
7969,0,0
17435,2,2
8914,1,1
396,0,0
29475,6,6
12240,1,1
23969,3,3
21355,3,3
23186,3,1
26190,5,5
4110,0,0
19511,3,2
16325,2,2
26650,5,5
17314,2,2
23457,3,2
26348,5,1
1595,0,0
8922,1,1
19236,3,3
20242,3,3
8517,1,1
5982,0,0
26820,5,5
18648,2,2
29755,6,5
31375,6,3
31147,6,3
27271,5,2
18002,2,2
10333,1,1
8647,1,1
12292,1,1
30599,6,6
6527,0,0
13278,1,1
10877,1,1
482,0,0
772,0,0
6779,0,0
7267,0,0
27589,5,5
30583,6,3
5391,0,0
20917,3,3
26139,5,5
3287,0,0
18337,2,2
26784,5,5
25677,4,5
30668,6,0
29140,6,3
14811,2,2
23541,3,3
21163,3,3
10739,1,5
2232,0,0
22012,3,0
23054,3,3
8318,1,1
5804,0,0
13238,1,1
25244,4,0
2784,0,0
8537,1,1
18393,2,2
3581,0,0
19761,3,3
7901,0,0
3207,0,0
2319,0,0
17191,2,2
6688,0,0
8281,1,1
19227,3,3
7251,0,0
1807,0,0
30229,6,6
12367,1,1
1864,0,0
13307,1,1
25118,4,3
11462,1,1
10841,1,1
12624,1,1
18310,2,2
12804,1,1
13144,1,1
6650,0,0
29424,6,3
27190,5,5
21599,3,3
10342,1,1
3399,0,0
21574,3,3
16985,2,1
9081,1,1
3919,0,0
17934,2,2
21213,3,3
24626,4,0
26484,5,5
5564,0,0
3214,0,0
17113,2,2
21838,3,3
15614,2,1
30659,6,2
22130,3,3
26033,5,0
30314,6,6
30648,6,6
27676,5,5
30646,6,6
28796,5,0
30766,6,2
3181,0,0
3757,0,0
29885,6,3
15788,2,2
5460,0,0
22279,3,3
10545,1,1
9134,1,1
18036,2,2
27864,5,5
10180,1,1
16510,2,2
24096,4,4
8042,0,0
29057,6,6
3616,0,0
19911,3,1
3541,0,0
22591,3,0
7047,0,0
1743,0,0
24577,4,4
14980,2,0
28256,5,0
4950,0,0
27958,5,0
1675,0,0
27111,5,0
119,0,0
22585,3,2
14509,2,2
5047,0,0
4119,0,0
7779,0,0
24660,4,4
5245,0,0
3986,0,0
6646,0,0
15561,2,2
10341,1,1
11642,1,1
26409,5,0
18770,2,2
15980,2,2
18611,2,3
29661,6,2
31015,6,3
23134,3,3
3142,0,0
25448,4,0
12326,1,1
29442,6,3
26072,5,5
520,0,0
385,0,0
18523,2,1
7743,0,0
24936,4,3
13202,1,1
22033,3,0
26489,5,5
20730,3,3
27109,5,2
13811,1,1
13557,1,1
2449,0,0
27756,5,5
28591,5,5
9534,1,1
438,0,0
28787,5,0
24922,4,3
168,0,0
13842,1,1
17854,2,2
26051,5,1
7912,0,0
3978,0,0
11963,1,1
23490,3,6
30161,6,3
3609,0,0
23452,3,3
23994,3,3
4696,0,0
23235,3,3
24464,4,1
15219,2,2
14858,2,2
19384,3,3
681,0,0
30267,6,1
1521,0,0
10548,1,1
20488,3,3
6091,0,0
24373,4,4
2135,0,0
13160,1,1
5202,0,0
18533,2,2
17433,2,0
9585,1,1
7653,0,0
11225,1,1
28681,5,5
25417,4,4
3021,0,0
459,0,0
8778,1,1
7672,0,0
4459,0,0
4371,0,0
29117,6,6
13263,1,1
23335,3,5
23282,3,3
24498,4,5
31255,6,3
6745,0,0
26548,5,5
25958,5,5
28876,5,2
14131,1,1
13688,1,1
1201,0,0
9161,1,3
23586,3,3
22081,3,3
6433,0,0
21531,3,3
28445,5,5
2662,0,0
19949,3,3
13198,1,1
1978,0,0
1280,0,0
17996,2,0
29050,6,3
10496,1,1
4388,0,0
30980,6,3
30702,6,6
30171,6,3
12540,1,1
12788,1,1
22919,3,3
1940,0,0
18414,2,2
2528,0,0
2420,0,0
17521,2,2
27720,5,0
4106,0,0
24469,4,1
11841,1,1
30909,6,6
6498,0,0
26904,5,5
15287,2,2
16492,2,2
4194,0,0
5871,0,0
1075,0,0
29460,6,6
8398,1,3
7220,0,0
15543,2,2
23146,3,6
18785,2,1
1397,0,0
5312,0,0
30786,6,6
2859,0,0
14148,1,1
22705,3,3
24387,4,3
28048,5,5
29413,6,6
836,0,0
12291,1,1
12058,1,1
25403,4,4
27957,5,5
17991,2,1
28878,5,5
2020,0,0
24844,4,4
17050,2,2
16638,2,3
25651,4,1
22598,3,3
17779,2,2
10594,1,1
14354,2,1
6281,0,0
25571,4,2
15760,2,2
13820,1,1
11872,1,1
11625,1,1
9986,1,1
22805,3,3
133,0,0
1334,0,0
30062,6,0
27899,5,5
7,0,0
4705,0,0
26960,5,5
7353,0,0
19372,3,3
14951,2,2
7204,0,0
11931,1,1
21053,3,3
21420,3,3
31163,6,6
9561,1,1
4715,0,0
29383,6,6
10612,1,1
5181,0,0
30574,6,3
24644,4,4
13916,1,5
14100,1,1
17683,2,1
4085,0,0
13640,1,1
21892,3,5
24552,4,0
4293,0,0
20795,3,3
24834,4,2
15110,2,2
4223,0,0
27421,5,0
25236,4,4
17060,2,2
22624,3,3
27880,5,5
23087,3,3
23016,3,3
9845,1,1
13217,1,1
7487,0,0
25928,5,1
2252,0,0
5053,0,0
6352,0,0
28291,5,0
4068,0,0
25770,4,0
19266,3,3
964,0,0
12915,1,1
14822,2,2
16421,2,3
17559,2,2
27135,5,5
25610,4,3
12102,1,1
24663,4,2
27075,5,5
19995,3,3
27518,5,0
24362,4,1
14632,2,2
5971,0,0
26241,5,0
26933,5,5
15356,2,2
2173,0,0
28750,5,5
25843,5,0
8538,1,1
24463,4,3
23269,3,2
24231,4,4
11913,1,1
12281,1,3
24589,4,0
5048,0,0
12139,1,1
14091,1,1
19316,3,5
29340,6,3
29528,6,1
17971,2,2
31379,6,0
3438,0,0
5427,0,0
15550,2,2
103,0,0
23577,3,3
23869,3,3
24172,4,1
4211,0,0
21211,3,2
27195,5,5
8119,0,0
20040,3,3
23693,3,3
828,0,0
7571,0,0
26493,5,1
24591,4,0
5211,0,0
17869,2,3
23460,3,3
21156,3,3
31269,6,3
1631,0,0
10735,1,1
26337,5,0
2434,0,0
25825,4,0
8282,1,1
23591,3,2
1830,0,0
14045,1,1
18289,2,1
18095,2,2
15578,2,1
16951,2,2
19061,3,3
18373,2,2
6049,0,0
20770,3,3
29744,6,0
27200,5,0
3366,0,0
3794,0,0
20605,3,3
18831,2,2
30956,6,6
24247,4,3
14499,2,1
14285,1,1
19792,3,5
26755,5,5
9577,1,2
19817,3,3
29151,6,2
21461,3,3
23587,3,3
27051,5,5
18970,3,3
8757,1,1
4879,0,3
13423,1,1
14301,2,2
4202,0,0
29297,6,1
22992,3,1
28610,5,0
26028,5,5
31219,6,3
9328,1,1
8971,1,1
19191,3,3
5437,0,0
20077,3,3
26065,5,5
23828,3,3
18115,2,6
6157,0,0
26972,5,5
14603,2,2
2030,0,0
18632,2,2
24419,4,3
25684,4,1
5174,0,0
10296,1,1
8141,1,3
24307,4,4
29677,6,3
25002,4,2
8345,1,1
2225,0,0
15382,2,0
18326,2,2
16858,2,2
24073,4,3
11783,1,1
30270,6,3
29678,6,0
10579,1,1
28190,5,5
9971,1,1
3328,0,0
12854,1,1
13793,1,1
6400,0,0
16668,2,2
14284,1,1
26016,5,5
24962,4,4
19193,3,3
18195,2,2
14315,2,2
4043,0,0
10217,1,1
17510,2,2
19486,3,3
8610,1,1
22747,3,3
16011,2,2
24919,4,4
478,0,5
19827,3,3
18828,2,2
8010,0,0
30633,6,6
3461,0,0
7346,0,0
11832,1,2
7570,0,0
25790,4,1
18315,2,2
30905,6,2
20273,3,2
23191,3,2
15137,2,2
24982,4,4
23924,3,3
6258,0,0
15917,2,2
15589,2,2
5621,0,0
6712,0,0
647,0,0
970,0,0
4258,0,0
18405,2,2
17217,2,1
8840,1,1
22017,3,3
8447,1,1
21258,3,3
30741,6,2
20496,3,3
22568,3,3
7330,0,0
1009,0,0
8970,1,1
16296,2,3
4306,0,0
16485,2,2
4015,0,0
4101,0,0
13736,1,1
7841,0,0
25839,5,5
18505,2,2
28517,5,5
3226,0,0
23179,3,3
326,0,0
6244,0,0
15537,2,2
22676,3,3
29852,6,0
20158,3,3
4990,0,0
9185,1,1
9626,1,1
23937,3,3
26446,5,5
20894,3,3
2194,0,0
4745,0,0
16008,2,2
11740,1,1
13633,1,1
27882,5,0
13214,1,1
11848,1,1
23151,3,3
11358,1,1
8483,1,1
18795,2,3
21194,3,3
22314,3,3
4774,0,0
21474,3,3
20773,3,3
27614,5,5
24451,4,2
21645,3,3
14905,2,2
14782,2,1
6165,0,0
29366,6,3
5117,0,0
29856,6,6
10353,1,1
21183,3,3
6388,0,0
4506,0,0
6095,0,0
10911,1,1
18947,2,2
21456,3,3
17309,2,0
18740,2,2
19407,3,3
23518,3,3
26394,5,5
7217,0,0
20130,3,3
9758,1,1
2748,0,0
14826,2,3
13588,1,1
13108,1,1
23272,3,3
1006,0,0
19003,3,3
18382,2,2
3942,0,0
28565,5,5
13593,1,1
30713,6,6
29160,6,6
19906,3,3
16750,2,1
2707,0,0
7729,0,0
4618,0,0
15985,2,2
134,0,0
17925,2,5
27694,5,5
18136,2,0
10902,1,1
3351,0,0
19301,3,6
3200,0,0
11427,1,1
18862,2,2
15277,2,2
2855,0,0
311,0,0
16631,2,2
30970,6,1
3422,0,0
30735,6,4
28773,5,5
22718,3,3
20485,3,6
316,0,0
146,0,0
26856,5,0
17219,2,2
16403,2,0
23046,3,3
7781,0,0
21471,3,3
9149,1,1
16387,2,2
11229,1,1
10598,1,1
25103,4,1
7652,0,0
8211,1,1
6355,0,0
16176,2,2
17870,2,3
17167,2,2
23980,3,3
29292,6,3
819,0,0
4463,0,0
11414,1,1
15492,2,2
3486,0,0
6252,0,0
6136,0,0
15575,2,2
27346,5,6
12050,1,1
9020,1,1
7553,0,0
16217,2,2
29606,6,3
3111,0,0
12414,1,1
15058,2,2
11544,1,1
8057,0,0
18938,2,2
6802,0,0
1572,0,0
16419,2,3
21656,3,0
31499,6,6
6628,0,0
11389,1,1
16506,2,1
16030,2,2
2495,0,0
31413,6,3
15904,2,1
20731,3,3
28958,5,5
2505,0,0
22592,3,3
24758,4,3
6088,0,0
28752,5,2
23031,3,3
12776,1,1
25413,4,1
22661,3,3
21344,3,3
30255,6,6
26617,5,3
22682,3,4
29778,6,5
22342,3,0
6717,0,0
9620,1,1
15291,2,1
7286,0,0
18501,2,1
12463,1,1
6892,0,0
1011,0,0
25203,4,5
15625,2,2
10608,1,1
30003,6,0
1034,0,0
8370,1,1
2270,0,0
696,0,0
23201,3,3
16933,2,2
22970,3,3
3704,0,0
13373,1,1
25042,4,4
1451,0,0
4215,0,0
15495,2,1
19059,3,0
2790,0,0
30149,6,6
3305,0,0
5516,0,0
13064,1,1
17579,2,2
28818,5,1
7175,0,0
30169,6,2
8028,0,0
14160,1,1
5421,0,0
6173,0,0
26261,5,5
11518,1,1
29616,6,3
26639,5,0
9320,1,1
28160,5,0
20765,3,3
3584,0,0
1888,0,0
10354,1,1
24783,4,4
23927,3,3
10943,1,1
5550,0,0
6842,0,0
30302,6,6
28707,5,0
16180,2,2
6504,0,0
20303,3,3
7063,0,0
1413,0,0
12181,1,1
1562,0,0
8904,1,1
2357,0,0
17467,2,2
20885,3,3
4684,0,0
27224,5,2
18531,2,3
5784,0,0
5259,0,0
30757,6,6
3623,0,0
25687,4,4
23529,3,3
15993,2,2
9152,1,1
180,0,0
28370,5,5
10012,1,1
6919,0,0
27783,5,5
13211,1,3
8459,1,1
21254,3,3
9287,1,1
18451,2,2
5589,0,0
469,0,0
3994,0,1
11923,1,1
2166,0,0
9897,1,1
1027,0,0
20603,3,1
28439,5,5
1423,0,0
16441,2,2
19681,3,3
9570,1,1
26640,5,5
8376,1,1
9334,1,3
9593,1,1
10572,1,1
27211,5,0
19388,3,3
23627,3,3
28005,5,0
1192,0,0
30904,6,6
6174,0,0
19038,3,3
30759,6,1
28356,5,5
18219,2,2
4157,0,0
24316,4,1
2559,0,0
20490,3,0
11015,1,1
26058,5,5
11327,1,1
20751,3,0
17935,2,2
11188,1,1
3734,0,0
12060,1,5
12678,1,1
12331,1,1
4447,0,0
19400,3,3
28933,5,5
3860,0,0
10697,1,0
28487,5,5
24239,4,2
16502,2,2
2604,0,0
23550,3,3
5102,0,0
21753,3,3
13915,1,1
24833,4,1
15693,2,2
1297,0,0
5787,0,0
15073,2,2
12534,1,1
28161,5,5
21950,3,3
635,0,0
15778,2,2
27068,5,5
28697,5,2
23414,3,3
23768,3,3
30481,6,6
11011,1,1
16031,2,2
30889,6,3
22570,3,3
10643,1,1
16871,2,0
23463,3,3
4859,0,0
14989,2,0
2924,0,0
27097,5,0
8687,1,1
30491,6,3
26702,5,5
30403,6,3
12428,1,1
26435,5,5
6482,0,0
12432,1,1
12369,1,1
13487,1,1
14371,2,2
4059,0,0
23,0,0
22741,3,3
24601,4,4
3126,0,0
11342,1,1
17489,2,2
11247,1,1
11651,1,1
7949,0,0
29,0,0
27274,5,5
17541,2,1
4278,0,0
8575,1,1
27782,5,0
8193,1,1
3362,0,0
12364,1,1
14177,1,1
6032,0,0
30235,6,6
13967,1,0
3668,0,0
12034,1,1
14906,2,3
4345,0,2
9123,1,1
25575,4,6
2644,0,0
20274,3,3
31308,6,6
1869,0,0
18954,2,2
19753,3,3
21426,3,3
21978,3,3
960,0,0
984,0,0
17462,2,1
13274,1,1
14979,2,2
6241,0,0
29004,6,0
23674,3,3
25544,4,0
14280,1,1
25940,5,5
29894,6,2
27515,5,0
28596,5,5
16302,2,2
21334,3,3
18583,2,2
23249,3,3
22272,3,1
19905,3,3
20592,3,3
17686,2,2
4387,0,0
8821,1,1
10175,1,1
27264,5,3
2981,0,0
3202,0,0
19801,3,3
14918,2,2
7481,0,0
17904,2,0
19074,3,3
27087,5,5
20826,3,3
1259,0,0
22759,3,3
9946,1,1
13902,1,1
5729,0,0
23187,3,3
25935,5,5
20565,3,3
15452,2,2
18411,2,2
10454,1,1
29560,6,3
26219,5,3
20615,3,0
29119,6,6
5194,0,0
4057,0,0
26570,5,5
23961,3,3
10185,1,1
26371,5,0
25408,4,4
19004,3,3
16687,2,2
11163,1,1
27408,5,5
31133,6,6
22524,3,3
22139,3,3
23912,3,3
17851,2,2
24279,4,3
17428,2,2
25967,5,5
1429,0,0
14825,2,2
27388,5,5
18762,2,2
10221,1,1
3502,0,0
5514,0,0
26224,5,0
11051,1,1
19047,3,6
5708,0,0
1563,0,0
27964,5,5
25636,4,4
14049,1,1
4400,0,0
16953,2,2
16501,2,2
9542,1,1
11012,1,1
18080,2,0
30837,6,1
13664,1,1
12585,1,1
14739,2,2
26894,5,5
1611,0,0
9084,1,1
24846,4,1
26131,5,0
19192,3,3
3910,0,0
19077,3,3
29478,6,1
9731,1,1
12798,1,1
30729,6,5
21901,3,3
23433,3,3
24595,4,4
26976,5,5
1514,0,0
10836,1,3
21597,3,3
4010,0,0
9480,1,1
139,0,0
31088,6,0
7301,0,0
14477,2,2
28799,5,5
21981,3,3
17689,2,1
16203,2,1
21024,3,3
29792,6,3
9575,1,1
2254,0,0
28357,5,5
29322,6,6
28391,5,0
9284,1,1
20867,3,3
31057,6,1
10543,1,1
26959,5,5
26471,5,5
20367,3,3
3418,0,0
5687,0,0
17056,2,2
19514,3,3
22650,3,3
29333,6,6
11682,1,1
10182,1,1
19823,3,3
17981,2,2
14526,2,2
4824,0,0
3686,0,0
24866,4,4
4510,0,0
13346,1,1
10747,1,1
30762,6,6
2290,0,0
4472,0,0
5478,0,0
17284,2,2
13459,1,1
15805,2,1
23228,3,1
28776,5,5
23101,3,3
4153,0,0
23532,3,3
18379,2,1
7325,0,0
208,0,0
31173,6,6
25775,4,3
22566,3,3
29798,6,3
28942,5,5
2605,0,0
27014,5,5
28120,5,0
2587,0,0
9128,1,1
19452,3,3
24991,4,3
17135,2,0
9625,1,1
24018,3,3
23643,3,3
25956,5,5
11418,1,3
14737,2,2
29164,6,1
2870,0,0
17470,2,2
8943,1,1
5763,0,0
21284,3,1
16104,2,2
11449,1,1
19704,3,3
15505,2,2
22157,3,3
6350,0,0
15723,2,1
2905,0,0
11558,1,1
2702,0,0
23278,3,3
25397,4,1
24515,4,2
3099,0,0
2351,0,0
25172,4,3
12973,1,1
24927,4,4
14493,2,2
31363,6,2
1751,0,0
2299,0,0
8591,1,1
5775,0,0
7563,0,0
25524,4,3
13371,1,1
19368,3,3
13357,1,1
28696,5,5
27757,5,0
17822,2,1
25831,5,5
20891,3,3
1640,0,0
18288,2,2
13609,1,1
28829,5,5
24192,4,4
6725,0,0
4665,0,0
2492,0,0
25228,4,2
22006,3,3
5317,0,0
26171,5,0
12642,1,1
30135,6,2
14198,1,3
23841,3,1
8270,1,3
16337,2,2
7555,0,0
30500,6,6
14187,1,1
15370,2,1
1891,0,0
16272,2,2
13530,1,1
8867,1,1
17989,2,2
11627,1,1
5032,0,0
25162,4,4
13052,1,1
3110,0,0
19960,3,3
14575,2,2
24884,4,4
23336,3,3
25435,4,3
23497,3,3
8316,1,1
13594,1,1
30246,6,3
28007,5,0
8023,0,0
8144,1,2
27563,5,5
11794,1,2
31490,6,0
2210,0,0
15714,2,2
24317,4,3
12679,1,1
30712,6,3
28070,5,5
251,0,0
23945,3,3
618,0,0
26511,5,5
27746,5,0
30557,6,1
21227,3,3
17928,2,2
17897,2,1
1656,0,0
22500,3,3
22739,3,6
9406,1,1
27881,5,5
7885,0,0
25873,5,5
30693,6,3
9199,1,1
11238,1,1
23542,3,3
31214,6,3
5403,0,0
10667,1,1
1474,0,0
10128,1,1
9619,1,1
20828,3,3
19180,3,3
26592,5,5
14958,2,2
26835,5,5
17185,2,5
1713,0,0
19714,3,3
3995,0,0
465,0,0
22513,3,3
20484,3,3
8932,1,1
13544,1,1
15079,2,3
708,0,0
9192,1,1
21161,3,3
10193,1,3
21178,3,3
21747,3,3
26760,5,0
1256,0,0
30935,6,6
4716,0,0
23968,3,0
15731,2,1
28040,5,5
4708,0,0
13725,1,1
29227,6,0
26381,5,0
9226,1,1
7497,0,0
14856,2,2
2554,0,0
30670,6,1
29719,6,0
23571,3,3
21748,3,2
15963,2,2
1338,0,0
17211,2,2
7955,0,0
20256,3,3
20135,3,3
8777,1,1
24258,4,0
6346,0,0
25376,4,6
21430,3,3
5365,0,0
17887,2,6
11928,1,1
8248,1,1
15973,2,0
21864,3,3
11508,1,1
27348,5,5
2865,0,0
8178,1,1
18150,2,2
18338,2,0
25424,4,3
3836,0,0
20243,3,0
12079,1,1
6198,0,0
24755,4,4
4122,0,0
27403,5,5
683,0,0
12701,1,1
14592,2,2
27012,5,5
18407,2,2
1291,0,0
19658,3,3
14384,2,2
18229,2,2
3517,0,0
9502,1,1
8823,1,1
8337,1,1
25877,5,5
2782,0,0
28463,5,5
19916,3,3
30366,6,3
27175,5,1
8510,1,1
23424,3,3
19364,3,3
22088,3,3
22946,3,3
22305,3,0
29797,6,6
23440,3,3
19211,3,3
7363,0,0
14420,2,2
20599,3,3
18766,2,2
5474,0,0
6557,0,0
3617,0,0
7978,0,0
8413,1,1
6703,0,0
16700,2,3
11911,1,1
16782,2,2
1383,0,0
11206,1,1
3297,0,0
2441,0,0
9750,1,1
27735,5,5
23188,3,3
22461,3,3
22170,3,3
25649,4,4
16451,2,0
29809,6,2
9132,1,1
15259,2,2
8087,0,0
17827,2,2
30857,6,3
15461,2,2
18517,2,2
21608,3,3
24780,4,0
16303,2,2
19126,3,3
8925,1,1
27335,5,5
26510,5,3
5525,0,0
28581,5,5
31029,6,3
30023,6,2
431,0,0
25139,4,4
12272,1,1
20883,3,3
30528,6,6
12976,1,1
2751,0,0
14224,1,0
9414,1,1
28817,5,0
15786,2,0
6250,0,0
1866,0,0
26117,5,5
28959,5,5
124,0,0
7024,0,0
451,0,0
18084,2,3
1606,0,0
18486,2,2
10711,1,1
24503,4,3
11491,1,1
31381,6,3
17306,2,2
25181,4,4
19242,3,3
6287,0,0
10779,1,1
30891,6,3
6757,0,0
16981,2,2
25668,4,4
5903,0,0
17339,2,2
18772,2,2
27157,5,0
19885,3,3
20221,3,3
28328,5,5
9567,1,1
22754,3,3
23085,3,0
11018,1,1
23260,3,3
29720,6,6
18561,2,1
18688,2,2
28062,5,5
826,0,0
2081,0,0
24624,4,1
3991,0,0
9391,1,1
16373,2,2
17628,2,2
20886,3,3
28844,5,5
15191,2,2
26318,5,5
170,0,0
9939,1,1
27621,5,5
12277,1,1
11685,1,1
2090,0,0
22701,3,3
11985,1,1
26327,5,5
20920,3,3
15101,2,2
27850,5,5
27675,5,1
12505,1,1
17226,2,2
19722,3,3
15292,2,1
16599,2,0
26247,5,5
8090,0,0
17534,2,2
23290,3,0
3147,0,0
14462,2,2
6699,0,0
3509,0,0
28019,5,0
11433,1,1
24528,4,3
8602,1,1
10277,1,1
24421,4,3
14359,2,3
20370,3,3
21738,3,3
8470,1,1
29937,6,6
5998,0,0
7477,0,0
7606,0,0
3,0,0
24873,4,0
29866,6,3
1632,0,0
30895,6,1
15718,2,1
14297,2,2
18413,2,2
25957,5,0
18063,2,2
30268,6,1
26173,5,5
17311,2,2
16520,2,1
3393,0,0
30375,6,3
9291,1,1
466,0,0
22229,3,3
8030,0,0
25764,4,4
14152,1,3
30519,6,6
12082,1,1
13365,1,1
15412,2,2
28069,5,5
4338,0,0
11598,1,1
10421,1,1
30018,6,2
10557,1,1
3628,0,0
30850,6,6
7198,0,0
7576,0,0
21202,3,3
26223,5,0
23318,3,3
7647,0,0
10982,1,1
22694,3,3
5676,0,0
8941,1,1
17089,2,1
17635,2,2
23830,3,3
9405,1,1
11000,1,1
13770,1,1
29742,6,2
15984,2,2
28657,5,5
7767,0,0
16730,2,1
21552,3,3
25761,4,4
11450,1,1
30193,6,3
10132,1,1
844,0,0
23804,3,1
30866,6,3
25971,5,5
13845,1,1
17365,2,2
16413,2,2
17899,2,2
22082,3,5
15365,2,2
3397,0,0
10752,1,1
1398,0,0
10328,1,1
18817,2,2
4217,0,0
29766,6,5
8874,1,1
24910,4,4
22691,3,3
11489,1,1
26769,5,5
11482,1,1
15846,2,2
22294,3,2
9932,1,1
795,0,0
13300,1,3
31155,6,2
4692,0,0
6179,0,0
22378,3,3
31005,6,6
11291,1,1
21704,3,3
14530,2,2
27098,5,5
29529,6,6
13098,1,1
18106,2,3
15175,2,2
21555,3,3
11925,1,1
10023,1,2
10823,1,1
24629,4,1
18962,2,2
24998,4,4
13105,1,1
2598,0,0
12357,1,1
31207,6,3
9633,1,1
4335,0,0
16362,2,2
12395,1,1
24163,4,1
4550,0,0
30658,6,6
20440,3,3
3693,0,0
14081,1,1
29197,6,6
9655,1,1
29002,6,6
31446,6,3
14921,2,2
7337,0,0
30058,6,6
6880,0,0
15263,2,2
25938,5,5
24274,4,4
8516,1,1
10820,1,1
7821,0,0
4610,0,0
16266,2,2
21557,3,3
27625,5,5
22892,3,3
26648,5,5
8054,0,0
6656,0,0
9704,1,1
23076,3,3
26404,5,0
4201,0,0
4191,0,0
7947,0,0
16516,2,2
11119,1,1
26772,5,0
9892,1,1
31551,6,6
21649,3,3
14181,1,1
30622,6,1
3784,0,0
21465,3,1
30688,6,6
6761,0,0
30299,6,3
2766,0,0
17552,2,2
27927,5,5
16171,2,2
26946,5,5
16541,2,1
